#
# A fatal error has been detected by the Java Runtime Environment:
#
#  EXCEPTION_ACCESS_VIOLATION (0xc0000005) at pc=0x00007ffade870e22, pid=31696, tid=23820
#
# JRE version: OpenJDK Runtime Environment Temurin-17.0.8+7 (17.0.8+7) (build 17.0.8+7)
# Java VM: OpenJDK 64-Bit Server VM Temurin-17.0.8+7 (17.0.8+7, mixed mode, sharing, tiered, compressed oops, compressed class ptrs, g1 gc, windows-amd64)
# Problematic frame:
# C  [glfw.dll+0x10e22]
#
# No core dump will be written. Minidumps are not enabled by default on client versions of Windows
#
# If you would like to submit a bug report, please visit:
#   https://github.com/adoptium/adoptium-support/issues
# The crash happened outside the Java Virtual Machine in native code.
# See problematic frame for where to report the bug.
#

---------------  S U M M A R Y ------------

Command Line: -XX:HeapDumpPath=MojangTricksIntelDriversForPerformance_javaw.exe_minecraft.exe.heapdump -Xss1M -Djava.library.path=C:\Users\SZHerio\curseforge\minecraft\Install\natives\forge-47.4.22 -Djna.tmpdir=C:\Users\SZHerio\curseforge\minecraft\Install\natives\forge-47.4.22 -Dorg.lwjgl.system.SharedLibraryExtractPath=C:\Users\SZHerio\curseforge\minecraft\Install\natives\forge-47.4.22 -Dio.netty.native.workdir=C:\Users\SZHerio\curseforge\minecraft\Install\natives\forge-47.4.22 -Dminecraft.launcher.brand=CurseForge -Dminecraft.launcher.version=1.316.0.7372 -Djava.net.preferIPv6Addresses=system -DignoreList=bootstraplauncher,securejarhandler,asm-commons,asm-util,asm-analysis,asm-tree,asm,JarJarFileSystems,client-extra,fmlcore,javafmllanguage,lowcodelanguage,mclanguage,forge-,forge-47.4.22.jar,forge-47.4.22 -DmergeModules=jna-5.10.0.jar,jna-platform-5.10.0.jar -DlibraryDirectory=C:\Users\SZHerio\curseforge\minecraft\Install\libraries --module-path=C:\Users\SZHerio\curseforge\minecraft\Install\libraries/cpw/mods/bootstraplauncher/1.1.2/bootstraplauncher-1.1.2.jar;C:\Users\SZHerio\curseforge\minecraft\Install\libraries/cpw/mods/securejarhandler/2.1.10/securejarhandler-2.1.10.jar;C:\Users\SZHerio\curseforge\minecraft\Install\libraries/org/ow2/asm/asm-commons/9.9.1/asm-commons-9.9.1.jar;C:\Users\SZHerio\curseforge\minecraft\Install\libraries/org/ow2/asm/asm-util/9.9.1/asm-util-9.9.1.jar;C:\Users\SZHerio\curseforge\minecraft\Install\libraries/org/ow2/asm/asm-analysis/9.9.1/asm-analysis-9.9.1.jar;C:\Users\SZHerio\curseforge\minecraft\Install\libraries/org/ow2/asm/asm-tree/9.9.1/asm-tree-9.9.1.jar;C:\Users\SZHerio\curseforge\minecraft\Install\libraries/org/ow2/asm/asm/9.9.1/asm-9.9.1.jar;C:\Users\SZHerio\curseforge\minecraft\Install\libraries/net/minecraftforge/JarJarFileSystems/0.3.19/JarJarFileSystems-0.3.19.jar --add-modules=ALL-MODULE-PATH --add-opens=java.base/java.util.jar=cpw.mods.securejarhandler --add-opens=java.base/java.lang.invoke=cpw.mods.securejarhandler --add-exports=java.base/sun.security.util=cpw.mods.securejarhandler --add-exports=jdk.naming.dns/com.sun.jndi.dns=java.naming -Xmx10176m -Xms256m -Dfml.ignorePatchDiscrepancies=true -Dfml.ignoreInvalidMinecraftCertificates=true -DlibraryDirectory=C:\Users\SZHerio\curseforge\minecraft\Install\libraries -Duser.language=en -DCFInstanceId=5195ac97-5b29-4fb5-967b-7926fa230294 -Dlog4j.configurationFile=C:\Users\SZHerio\curseforge\minecraft\Install\assets\log_configs\client-1.12.xml cpw.mods.bootstraplauncher.BootstrapLauncher --username SZHerio --version forge-47.4.22 --gameDir C:\Users\SZHerio\curseforge\minecraft\Instances\main1.20 --assetsDir C:\Users\SZHerio\curseforge\minecraft\Install\assets --assetIndex 5 --uuid 51365502bae245daaf9b8045d35cb875 --accessToken eyJraWQiOiIwNDkxODEiLCJhbGciOiJSUzI1NiJ9.eyJ4dWlkIjoiMjUzNTQ2MDEyNDY2ODYyOSIsImFnZyI6IkFkdWx0Iiwic3ViIjoiMzg1ODA2ZGUtZjgxNS00MjQ5LWIwYzItMTA0MTA1MTAzMGU3IiwiYXV0aCI6IlhCT1giLCJucyI6ImRlZmF1bHQiLCJyb2xlcyI6W10sImlzcyI6ImF1dGhlbnRpY2F0aW9uIiwiZmxhZ3MiOlsibXVsdGlwbGF5ZXIiXSwicHJvZmlsZXMiOnsibWMiOiI1MTM2NTUwMi1iYWUyLTQ1ZGEtYWY5Yi04MDQ1ZDM1Y2I4NzUifSwicG1pZCI6ImNkMjA3YmM4LTQ4ODgtNWZiNy04NTRiLTMzNjM3MGYwZjIxNyIsInBsYXRmb3JtIjoiUENfTEFVTkNIRVIiLCJ0aWQiOiJFOTlCMCIsInBmZCI6W3sidHlwZSI6Im1jIiwiaWQiOiI1MTM2NTUwMi1iYWUyLTQ1ZGEtYWY5Yi04MDQ1ZDM1Y2I4NzUiLCJuYW1lIjoiU1pIZXJpbyJ9XSwieGlkIjoiMjUzNTQ2MDEyNDY2ODYyOSIsIm5iZiI6MTc4NTk1ODk4NywiZXhwIjoxNzg2MDQ1Mzg3LCJpYXQiOjE3ODU5NTg5ODcsImFpZCI6ImQ1YjJlMDc5LTJjMmMtNGFkZS05ZGFiLTFjMWViMjA0MTYyYSJ9.pPTdZgG0YjnG6o_WoQ8u7YWeqwr5zYTNPBLMWyn5FMVUPd6h0mYSDVrVLNthgte9B_meKlykURF2Tx3EkHPt41KQY95qYFkv2E4kzuNmpnun4wh-mS_tqCCI2o0RZrPh7c6l3YgLy4HZmfRwGqZEQXy4aH4dE_hYqVhfOPbub4DqHgE7gnXsQMvSHVW52vD4CvDyC1vUQL2crz1FqdnxIxokv11xOR542eyAGtNaxc5K_b0rwQhbMhlr6njB4RrZxdKTJlLE3Pyq2knXbOjxRNKT8t-vjEEsg4l7KqG_me3yIJqrCENp3xhiP7_l1XQvS_1hw274dW_znOiPbi-0bA --clientId 1135fe-28ba6f-794cca-139b52-5c3e84 --xuid 2535460124668629 --userType msa --versionType release --width 1024 --height 768 --quickPlayPath C:\Users\SZHerio\curseforge\minecraft\Quickplay\5195ac97-5b29-4fb5-967b-7926fa230294.json --launchTarget forgeclient --fml.forgeVersion 47.4.22 --fml.mcVersion 1.20.1 --fml.forgeGroup net.minecraftforge --fml.mcpVersion 20230612.114412

Host: AMD Ryzen 7 2700X Eight-Core Processor         , 16 cores, 31G,  Windows 10 , 64 bit Build 19041 (10.0.19041.7548)
Time: Wed Aug  5 23:24:30 2026 RTZ 2 (s 10 , 64 bit Build 19041 (10.0.19041.7548) elapsed time: 2464.744717 seconds (0d 0h 41m 4s)

---------------  T H R E A D  ---------------

Current thread (0x00000228d7b5dc30):  JavaThread "Render thread" [_thread_in_native, id=23820, stack(0x00000081b3500000,0x00000081b3600000)]

Stack: [0x00000081b3500000,0x00000081b3600000],  sp=0x00000081b35fd8e0,  free space=1014k
Native frames: (J=compiled Java code, j=interpreted, Vv=VM code, C=native code)
C  [glfw.dll+0x10e22]

Java frames: (J=compiled Java code, j=interpreted, Vv=VM code)
j  org.lwjgl.system.JNI.invokePPV(JIJJ)V+0 org.lwjgl@3.3.1+7
j  org.lwjgl.glfw.GLFW.nglfwSetWindowIcon(JIJ)V+40 org.lwjgl.glfw@3.3.1+7
j  org.lwjgl.glfw.GLFW.glfwSetWindowIcon(JLorg/lwjgl/glfw/GLFWImage$Buffer;)V+9 org.lwjgl.glfw@3.3.1+7
j  de.keksuccino.fancymenu.util.window.WindowHandler.setIcon(Lnet/minecraft/server/packs/resources/IoSupplier;Lnet/minecraft/server/packs/resources/IoSupplier;)V+194 fancymenu@3.9.9
j  de.keksuccino.fancymenu.util.window.WindowHandler.updateCustomWindowIconWindowsLinux()V+129 fancymenu@3.9.9
j  de.keksuccino.fancymenu.util.window.WindowHandler.updateCustomWindowIcon()V+12 fancymenu@3.9.9
j  de.keksuccino.fancymenu.customization.ScreenCustomizationEvents.onTick(Lde/keksuccino/fancymenu/events/ticking/ClientTickEvent$Pre;)V+83 fancymenu@3.9.9
j  jdk.internal.reflect.GeneratedMethodAccessor11.invoke(Ljava/lang/Object;[Ljava/lang/Object;)Ljava/lang/Object;+40
J 39770 c2 de.keksuccino.fancymenu.util.event.acara.EventHandler$ListenerContainer.notifyListener(Lde/keksuccino/fancymenu/util/event/acara/EventBase;)V fancymenu@3.9.9 (103 bytes) @ 0x00000228e7f1743c [0x00000228e7f17140+0x00000000000002fc]
J 40527 c2 de.keksuccino.fancymenu.util.event.acara.EventHandler.postEvent(Lde/keksuccino/fancymenu/util/event/acara/EventBase;)V fancymenu@3.9.9 (113 bytes) @ 0x00000228e6f7f3b8 [0x00000228e6f7f0a0+0x0000000000000318]
J 91074 c2 net.minecraft.client.Minecraft.handler$dld000$head_tick_FancyMenu(Lorg/spongepowered/asm/mixin/injection/callback/CallbackInfo;)V minecraft@1.20.1 (114 bytes) @ 0x00000228ebbab470 [0x00000228ebbaade0+0x0000000000000690]
J 99410 c2 net.minecraft.client.Minecraft.m_91398_()V minecraft@1.20.1 (982 bytes) @ 0x00000228ed15ca7c [0x00000228ed15c520+0x000000000000055c]
J 83413 c2 net.minecraft.client.Minecraft.m_91383_(Z)V minecraft@1.20.1 (1232 bytes) @ 0x00000228ead75f54 [0x00000228ead73a00+0x0000000000002554]
j  net.minecraft.client.Minecraft.m_91374_()V+138 minecraft@1.20.1
j  net.minecraft.client.main.Main.main([Ljava/lang/String;)V+1566 minecraft@1.20.1
v  ~StubRoutines::call_stub
j  jdk.internal.reflect.NativeMethodAccessorImpl.invoke0(Ljava/lang/reflect/Method;Ljava/lang/Object;[Ljava/lang/Object;)Ljava/lang/Object;+0 java.base@17.0.8
j  jdk.internal.reflect.NativeMethodAccessorImpl.invoke(Ljava/lang/Object;[Ljava/lang/Object;)Ljava/lang/Object;+133 java.base@17.0.8
J 10508 c1 jdk.internal.reflect.DelegatingMethodAccessorImpl.invoke(Ljava/lang/Object;[Ljava/lang/Object;)Ljava/lang/Object; java.base@17.0.8 (10 bytes) @ 0x00000228de3e4d4c [0x00000228de3e4c40+0x000000000000010c]
J 10950 c1 java.lang.reflect.Method.invoke(Ljava/lang/Object;[Ljava/lang/Object;)Ljava/lang/Object; java.base@17.0.8 (65 bytes) @ 0x00000228ded8b5c4 [0x00000228ded8b280+0x0000000000000344]
j  net.minecraftforge.fml.loading.targets.CommonLaunchHandler.runTarget(Ljava/lang/String;[Ljava/lang/String;Ljava/lang/ModuleLayer;)V+39 fmlloader@1.20.1-47.4.22
j  net.minecraftforge.fml.loading.targets.CommonLaunchHandler.clientService([Ljava/lang/String;Ljava/lang/ModuleLayer;)V+5 fmlloader@1.20.1-47.4.22
j  net.minecraftforge.fml.loading.targets.CommonClientLaunchHandler.lambda$makeService$0([Ljava/lang/String;Ljava/lang/ModuleLayer;)V+3 fmlloader@1.20.1-47.4.22
j  net.minecraftforge.fml.loading.targets.CommonClientLaunchHandler$$Lambda$1108+0x000002288b5de738.run()V+12 fmlloader@1.20.1-47.4.22
j  cpw.mods.modlauncher.LaunchServiceHandlerDecorator.launch([Ljava/lang/String;Ljava/lang/ModuleLayer;)V+11 cpw.mods.modlauncher@10.0.9
j  cpw.mods.modlauncher.LaunchServiceHandler.launch(Ljava/lang/String;[Ljava/lang/String;Ljava/lang/ModuleLayer;Lcpw/mods/modlauncher/TransformingClassLoader;Lcpw/mods/modlauncher/LaunchPluginHandler;)V+58 cpw.mods.modlauncher@10.0.9
j  cpw.mods.modlauncher.LaunchServiceHandler.launch(Lcpw/mods/modlauncher/ArgumentHandler;Ljava/lang/ModuleLayer;Lcpw/mods/modlauncher/TransformingClassLoader;Lcpw/mods/modlauncher/LaunchPluginHandler;)V+21 cpw.mods.modlauncher@10.0.9
j  cpw.mods.modlauncher.Launcher.run([Ljava/lang/String;)V+307 cpw.mods.modlauncher@10.0.9
j  cpw.mods.modlauncher.Launcher.main([Ljava/lang/String;)V+78 cpw.mods.modlauncher@10.0.9
j  cpw.mods.modlauncher.BootstrapLaunchConsumer.accept([Ljava/lang/String;)V+1 cpw.mods.modlauncher@10.0.9
j  cpw.mods.modlauncher.BootstrapLaunchConsumer.accept(Ljava/lang/Object;)V+5 cpw.mods.modlauncher@10.0.9
j  cpw.mods.bootstraplauncher.BootstrapLauncher.main([Ljava/lang/String;)V+515 cpw.mods.bootstraplauncher@1.1.2
v  ~StubRoutines::call_stub

siginfo: EXCEPTION_ACCESS_VIOLATION (0xc0000005), reading address 0x00000229ba693002


Register to memory mapping:

RIP=0x00007ffade870e22 glfw.dll
RAX=0x00000229ba693001 is an unknown value
RBX=0x0000000019010b09 is an unknown value
RCX=0x0000000000000400 is an unknown value
RDX=0x00000229cbf30c00 points into unknown readable memory: 0x0000000000000000 | 00 00 00 00 00 00 00 00
RSP=0x00000081b35fd8e0 is pointing into the stack for thread: 0x00000228d7b5dc30
RBP=0x00000081b35fd9b9 is pointing into the stack for thread: 0x00000228d7b5dc30
RSI=0x0000000003051a19 is an unknown value
RDI=0x00000228d036b4d0 points into unknown readable memory: 0x0000002000000020 | 20 00 00 00 20 00 00 00
R8 =0x0000000000000300 is an unknown value
R9 =0x0000000000000020 is an unknown value
R10=0x0 is NULL
R11=0x0000000000000246 is an unknown value
R12=0x0 is NULL
R13=0x00000229ba692400 points into unknown readable memory: 0x0000000000000000 | 00 00 00 00 00 00 00 00
R14=0x0000000010050b8a is an unknown value
R15=0x0000000000000001 is an unknown value


Registers:
RAX=0x00000229ba693001, RBX=0x0000000019010b09, RCX=0x0000000000000400, RDX=0x00000229cbf30c00
RSP=0x00000081b35fd8e0, RBP=0x00000081b35fd9b9, RSI=0x0000000003051a19, RDI=0x00000228d036b4d0
R8 =0x0000000000000300, R9 =0x0000000000000020, R10=0x0000000000000000, R11=0x0000000000000246
R12=0x0000000000000000, R13=0x00000229ba692400, R14=0x0000000010050b8a, R15=0x0000000000000001
RIP=0x00007ffade870e22, EFLAGS=0x0000000000010287

Top of Stack: (sp=0x00000081b35fd8e0)
0x00000081b35fd8e0:   0000000019010b09 00000081b35fd9b9
0x00000081b35fd8f0:   0000000000000000 00000228d036b4c0
0x00000081b35fd900:   0000000000000000 00007ffb00000000
0x00000081b35fd910:   00000229cbf30c00 0000000000000000
0x00000081b35fd920:   00000228d036b4c0 00000228d78b0000
0x00000081b35fd930:   00000081b35fd9d0 0000000000000000
0x00000081b35fd940:   000000200000007c 00200001ffffffe0
0x00000081b35fd950:   0000000000000003 0000000000000000
0x00000081b35fd960:   0000000000000000 0000ff0000ff0000
0x00000081b35fd970:   ff000000000000ff 0000000000000000
0x00000081b35fd980:   0000000000000000 0000000000000000
0x00000081b35fd990:   0000000000000000 0000000000000000
0x00000081b35fd9a0:   0000000000000000 0000000000000000
0x00000081b35fd9b0:   0000000000000000 0000000000000000
0x00000081b35fd9c0:   00007577cf59f7ad 00007ffb13774a38
0x00000081b35fd9d0:   0000000000000031 00000228d7b5dc30 

Instructions: (pc=0x00007ffade870e22)
0x00007ffade870d22:   04 33 c9 0f 11 45 a7 f7 d8 48 89 74 24 30 0f 11
0x00007ffade870d32:   45 b7 89 45 8f 0f 11 45 97 c7 45 87 7c 00 00 00
0x00007ffade870d42:   0f 11 45 c7 c7 45 93 01 00 20 00 0f 11 45 d7 c7
0x00007ffade870d52:   45 97 03 00 00 00 0f 11 45 e7 c7 45 af 00 00 ff
0x00007ffade870d62:   00 c7 45 b3 00 ff 00 00 c7 45 b7 ff 00 00 00 c7
0x00007ffade870d72:   45 bb 00 00 00 ff ff 15 9a a7 01 00 89 74 24 28
0x00007ffade870d82:   4c 8d 4c 24 30 48 8b c8 48 89 74 24 20 45 33 c0
0x00007ffade870d92:   48 8d 55 87 48 8b d8 ff 15 99 a2 01 00 48 8b d3
0x00007ffade870da2:   33 c9 4c 8b f0 ff 15 63 a7 01 00 4d 85 f6 75 18
0x00007ffade870db2:   48 8d 15 f7 5d 03 00 b9 08 00 01 00 e8 ed ad ff
0x00007ffade870dc2:   ff 33 c0 e9 0b 01 00 00 8b 57 04 41 b9 01 00 00
0x00007ffade870dd2:   00 8b 0f 45 8b c1 48 89 74 24 20 ff 15 3d a2 01
0x00007ffade870de2:   00 48 8b f0 48 85 c0 75 21 48 8d 15 e6 5d 03 00
0x00007ffade870df2:   b9 08 00 01 00 e8 b4 ad ff ff 49 8b ce ff 15 2b
0x00007ffade870e02:   a2 01 00 33 c0 e9 c9 00 00 00 8b 07 45 33 c0 0f
0x00007ffade870e12:   af 47 04 85 c0 7e 53 48 8b 54 24 30 49 8d 45 01
0x00007ffade870e22:   0f b6 48 01 48 8d 40 04 88 0a 41 ff c0 0f b6 50
0x00007ffade870e32:   fc 48 8b 4c 24 30 88 51 01 0f b6 50 fb 48 8b 4c
0x00007ffade870e42:   24 30 88 51 02 0f b6 50 fe 48 8b 4c 24 30 88 51
0x00007ffade870e52:   03 48 8b 54 24 30 8b 0f 48 83 c2 04 0f af 4f 04
0x00007ffade870e62:   48 89 54 24 30 44 3b c1 7c b6 8b 44 24 38 48 8d
0x00007ffade870e72:   4c 24 40 89 44 24 48 c7 44 24 4c 00 00 00 00 44
0x00007ffade870e82:   89 7c 24 40 44 89 64 24 44 48 89 74 24 50 4c 89
0x00007ffade870e92:   74 24 58 ff 15 7d a4 01 00 49 8b ce 48 8b d8 ff
0x00007ffade870ea2:   15 89 a1 01 00 48 8b ce ff 15 80 a1 01 00 48 85
0x00007ffade870eb2:   db 75 1d 48 8d 15 44 5d 03 00 b9 08 00 01 00 45
0x00007ffade870ec2:   85 ff 75 07 48 8d 15 53 5d 03 00 e8 de ac ff ff
0x00007ffade870ed2:   48 8b c3 48 8b 4d 07 48 33 cc e8 af 33 00 00 48
0x00007ffade870ee2:   81 c4 f8 00 00 00 41 5f 41 5e 41 5d 41 5c 5f 5e
0x00007ffade870ef2:   5b 5d c3 cc cc cc cc cc cc cc cc cc cc cc 48 89
0x00007ffade870f02:   5c 24 18 55 56 57 41 54 41 55 41 56 41 57 48 8d
0x00007ffade870f12:   6c 24 d9 48 81 ec d0 00 00 00 48 8b 05 a5 50 04 


Stack slot to memory mapping:
stack at sp + 0 slots: 0x0000000019010b09 is an unknown value
stack at sp + 1 slots: 0x00000081b35fd9b9 is pointing into the stack for thread: 0x00000228d7b5dc30
stack at sp + 2 slots: 0x0 is NULL
stack at sp + 3 slots: 0x00000228d036b4c0 points into unknown readable memory: 0x0000001000000010 | 10 00 00 00 10 00 00 00
stack at sp + 4 slots: 0x0 is NULL
stack at sp + 5 slots: 0x00007ffb00000000 nvgpucomp64.dll
stack at sp + 6 slots: 0x00000229cbf30c00 points into unknown readable memory: 0x0000000000000000 | 00 00 00 00 00 00 00 00
stack at sp + 7 slots: 0x0 is NULL


---------------  P R O C E S S  ---------------

Threads class SMR info:
_java_thread_list=0x00000229e4f86bf0, length=163, elements={
0x00000228d7b5dc30, 0x00000228fbf4fca0, 0x00000228fbf56200, 0x00000228fbf72300,
0x00000228fbf74be0, 0x00000228fbf76060, 0x00000228fbf770d0, 0x00000228fbf7d980,
0x00000228fbf802a0, 0x00000228fbf93380, 0x00000228cb195580, 0x00000228cb2a22e0,
0x00000228d4e84060, 0x00000228d4380f20, 0x00000228d4382870, 0x00000228d4381940,
0x00000228d43841c0, 0x00000228d4a932c0, 0x00000228d4a92db0, 0x00000228d4a92390,
0x00000228d4a94700, 0x00000228d4a97eb0, 0x00000228d4a94c10, 0x00000228d4a91460,
0x00000228d4a90a40, 0x00000228d4a95b40, 0x00000228d4a95120, 0x00000228d4a96050,
0x00000228d4a95630, 0x00000228d4a90f50, 0x00000228d437fff0, 0x00000228d4382360,
0x00000228d4383290, 0x00000228d39ecc90, 0x00000228d53b6140, 0x00000228d53b1550,
0x00000228d53b33b0, 0x00000228d5444290, 0x00000228d5440ae0, 0x00000228d54456d0,
0x00000228d5443870, 0x00000228d5441500, 0x00000228d54400c0, 0x00000228d54460f0,
0x00000228d5447020, 0x00000228d53b1a60, 0x00000228d53b84b0, 0x00000228d4a96560,
0x00000228d53b7580, 0x00000228d53b4d00, 0x00000228d53b5720, 0x00000228d53b8ed0,
0x00000228d5446b10, 0x00000228d54405d0, 0x00000228d4e87810, 0x000002295a86a110,
0x000002295a8640e0, 0x000002295a86a620, 0x000002295a865f40, 0x000002295a8682b0,
0x000002295aa31330, 0x000002296f690e10, 0x000002296e4d2b20, 0x00000229601e93b0,
0x000002295af6ce90, 0x000002296e746030, 0x0000022985da73b0, 0x000002295a864b00,
0x000002295a8636c0, 0x0000022948ec8cf0, 0x0000022985da6ea0, 0x0000022985da82e0,
0x0000022985da5a60, 0x0000022985da7dd0, 0x0000022985da5040, 0x0000022985da5f70,
0x0000022985da6480, 0x0000022985da6990, 0x0000022971f02fa0, 0x0000022971f034b0,
0x0000022971f039c0, 0x0000022971f02580, 0x0000022971f02070, 0x0000022971f02a90,
0x00000229e5ebafa0, 0x00000229e5ebc3e0, 0x00000229e5ebb9c0, 0x000002296e958df0,
0x000002296e4d3030, 0x0000022984876c20, 0x0000022948ec9200, 0x0000022945556e60,
0x000002296e959300, 0x00000229e4491380, 0x000002295a867890, 0x000002296f690900,
0x000002296e746540, 0x000002296e745610, 0x000002296e745100, 0x000002296e745b20,
0x0000022947423290, 0x00000229474241c0, 0x00000229474237a0, 0x0000022947423cb0,
0x000002296f6903f0, 0x00000229845514a0, 0x0000022984552df0, 0x00000229845523d0,
0x0000022984550a80, 0x0000022984550060, 0x00000228d0815ec0, 0x0000022960be29e0,
0x0000022960be24d0, 0x0000022960be2ef0, 0x0000022960be1fc0, 0x0000022945555a20,
0x0000022945556440, 0x00000229474246d0, 0x0000022984877640, 0x000002295aec68e0,
0x000002295aec8230, 0x000002295aec8740, 0x000002296e9588e0, 0x000002296e9579b0,
0x000002296e956060, 0x000002296e956570, 0x000002295af6c470, 0x000002295af6bf60,
0x000002296e9574a0, 0x00000229e5ebaa90, 0x00000229e6a4e590, 0x00000229e6a51320,
0x00000229e6a50900, 0x00000229e6a4fee0, 0x00000229e6a51830, 0x00000229e6a503f0,
0x00000229e6a50e10, 0x00000229e6a4efb0, 0x00000229e6a4e080, 0x00000229e6a4f4c0,
0x00000229e6a4eaa0, 0x00000229e34ed140, 0x000002295aec6df0, 0x000002295a7068d0,
0x00000229e52265c0, 0x00000229e34eb2e0, 0x000002295ad777c0, 0x00000229e42dee30,
0x00000229e34ebd00, 0x00000228d53b6650, 0x00000228d53b1f70, 0x0000022984551ec0,
0x000002295ad77cd0, 0x0000022984550f90, 0x00000229e34ee070, 0x00000229e5224c70,
0x00000228d08159b0, 0x00000228d53b42e0, 0x000002295ad781e0, 0x000002295aec7810,
0x00000229e5226ad0, 0x00000229e34ed650, 0x00000229e4382590
}

Java Threads: ( => current thread )
=>0x00000228d7b5dc30 JavaThread "Render thread" [_thread_in_native, id=23820, stack(0x00000081b3500000,0x00000081b3600000)]
  0x00000228fbf4fca0 JavaThread "Reference Handler" daemon [_thread_blocked, id=16884, stack(0x00000081b3c00000,0x00000081b3d00000)]
  0x00000228fbf56200 JavaThread "Finalizer" daemon [_thread_blocked, id=11412, stack(0x00000081b3d00000,0x00000081b3e00000)]
  0x00000228fbf72300 JavaThread "Signal Dispatcher" daemon [_thread_blocked, id=28108, stack(0x00000081b3e00000,0x00000081b3f00000)]
  0x00000228fbf74be0 JavaThread "Attach Listener" daemon [_thread_blocked, id=12996, stack(0x00000081b3f00000,0x00000081b4000000)]
  0x00000228fbf76060 JavaThread "Service Thread" daemon [_thread_blocked, id=22764, stack(0x00000081b4000000,0x00000081b4100000)]
  0x00000228fbf770d0 JavaThread "Monitor Deflation Thread" daemon [_thread_blocked, id=13152, stack(0x00000081b4100000,0x00000081b4200000)]
  0x00000228fbf7d980 JavaThread "C2 CompilerThread0" daemon [_thread_blocked, id=30492, stack(0x00000081b4200000,0x00000081b4300000)]
  0x00000228fbf802a0 JavaThread "C1 CompilerThread0" daemon [_thread_blocked, id=32432, stack(0x00000081b4300000,0x00000081b4400000)]
  0x00000228fbf93380 JavaThread "Sweeper thread" daemon [_thread_blocked, id=17316, stack(0x00000081b4400000,0x00000081b4500000)]
  0x00000228cb195580 JavaThread "Common-Cleaner" daemon [_thread_blocked, id=21852, stack(0x00000081b4600000,0x00000081b4700000)]
  0x00000228cb2a22e0 JavaThread "Notification Thread" daemon [_thread_blocked, id=12828, stack(0x00000081b4800000,0x00000081b4900000)]
  0x00000228d4e84060 JavaThread "JNA Cleaner" daemon [_thread_blocked, id=33136, stack(0x00000081b6900000,0x00000081b6a00000)]
  0x00000228d4380f20 JavaThread "Timer hack thread" daemon [_thread_blocked, id=21672, stack(0x00000081b6600000,0x00000081b6700000)]
  0x00000228d4382870 JavaThread "Yggdrasil Key Fetcher" daemon [_thread_blocked, id=1148, stack(0x00000081b6d00000,0x00000081b6e00000)]
  0x00000228d4381940 JavaThread "Cleaner-0" daemon [_thread_blocked, id=23624, stack(0x00000081b6f00000,0x00000081b7000000)]
  0x00000228d43841c0 JavaThread "Cleaner-1" daemon [_thread_blocked, id=5924, stack(0x00000081b7100000,0x00000081b7200000)]
  0x00000228d4a932c0 JavaThread "KubeJS Background Thread" daemon [_thread_blocked, id=32792, stack(0x00000081b5f00000,0x00000081b6000000)]
  0x00000228d4a92db0 JavaThread "FileSystemWatchService" daemon [_thread_in_native, id=26684, stack(0x00000081b8600000,0x00000081b8700000)]
  0x00000228d4a92390 JavaThread "JEI Config File Watcher" daemon [_thread_blocked, id=28436, stack(0x00000081b8700000,0x00000081b8800000)]
  0x00000228d4a94700 JavaThread "Thread-2" daemon [_thread_blocked, id=24132, stack(0x00000081b8800000,0x00000081b8900000)]
  0x00000228d4a97eb0 JavaThread "Thread-3" daemon [_thread_blocked, id=8220, stack(0x00000081b8900000,0x00000081b8a00000)]
  0x00000228d4a94c10 JavaThread "Thread-4" daemon [_thread_blocked, id=8112, stack(0x00000081b8a00000,0x00000081b8b00000)]
  0x00000228d4a91460 JavaThread "Thread-5" daemon [_thread_blocked, id=6036, stack(0x00000081b8b00000,0x00000081b8c00000)]
  0x00000228d4a90a40 JavaThread "Thread-6" daemon [_thread_blocked, id=19280, stack(0x00000081b8c00000,0x00000081b8d00000)]
  0x00000228d4a95b40 JavaThread "Thread-7" daemon [_thread_blocked, id=22872, stack(0x00000081b8d00000,0x00000081b8e00000)]
  0x00000228d4a95120 JavaThread "Thread-8" daemon [_thread_blocked, id=19692, stack(0x00000081b8e00000,0x00000081b8f00000)]
  0x00000228d4a96050 JavaThread "Thread-9" daemon [_thread_blocked, id=28452, stack(0x00000081b8f00000,0x00000081b9000000)]
  0x00000228d4a95630 JavaThread "Thread-10" daemon [_thread_blocked, id=31488, stack(0x00000081b9000000,0x00000081b9100000)]
  0x00000228d4a90f50 JavaThread "Thread-11" daemon [_thread_blocked, id=11052, stack(0x00000081b9100000,0x00000081b9200000)]
  0x00000228d437fff0 JavaThread "Thread-12" daemon [_thread_blocked, id=32568, stack(0x00000081b9200000,0x00000081b9300000)]
  0x00000228d4382360 JavaThread "Thread-13" daemon [_thread_blocked, id=4176, stack(0x00000081b9300000,0x00000081b9400000)]
  0x00000228d4383290 JavaThread "Thread-14" daemon [_thread_blocked, id=488, stack(0x00000081b9400000,0x00000081b9500000)]
  0x00000228d39ecc90 JavaThread "Thread-15" daemon [_thread_blocked, id=21096, stack(0x00000081b9500000,0x00000081b9600000)]
  0x00000228d53b6140 JavaThread "Thread-16" daemon [_thread_blocked, id=32532, stack(0x00000081b9600000,0x00000081b9700000)]
  0x00000228d53b1550 JavaThread "FileSystemWatchService" daemon [_thread_in_native, id=27384, stack(0x00000081b9700000,0x00000081b9800000)]
  0x00000228d53b33b0 JavaThread "pool-8-thread-1" [_thread_blocked, id=16076, stack(0x00000081b9800000,0x00000081b9900000)]
  0x00000228d5444290 JavaThread "Thread-17" daemon [_thread_blocked, id=15844, stack(0x00000081b5500000,0x00000081b5600000)]
  0x00000228d5440ae0 JavaThread "FileSystemWatchService" daemon [_thread_in_native, id=29140, stack(0x00000081b9900000,0x00000081b9a00000)]
  0x00000228d54456d0 JavaThread "FancyMenu-WebUtils-ConnectivityCheck-1" daemon [_thread_blocked, id=6016, stack(0x00000081b9a00000,0x00000081b9b00000)]
  0x00000228d5443870 JavaThread "Structurize IO Worker #0" daemon [_thread_blocked, id=3064, stack(0x00000081b9b00000,0x00000081b9c00000)]
  0x00000228d5441500 JavaThread "UI thread" daemon [_thread_blocked, id=21388, stack(0x00000081b9c00000,0x00000081b9d00000)]
  0x00000228d54400c0 JavaThread "Audio-Thread" daemon [_thread_blocked, id=28508, stack(0x00000081b9d00000,0x00000081b9e00000)]
  0x00000228d54460f0 JavaThread "Java2D Disposer" daemon [_thread_blocked, id=31140, stack(0x00000081b9f00000,0x00000081ba000000)]
  0x00000228d5447020 JavaThread "pool-10-thread-1" [_thread_blocked, id=25752, stack(0x00000081ba100000,0x00000081ba200000)]
  0x00000228d53b1a60 JavaThread "FileSystemWatchService" daemon [_thread_in_native, id=27556, stack(0x00000081ba300000,0x00000081ba400000)]
  0x00000228d53b84b0 JavaThread "Worker-Main-2" daemon [_thread_blocked, id=14884, stack(0x00000081ba800000,0x00000081ba900000)]
  0x00000228d4a96560 JavaThread "FancyMenu-JsonPlaceholder-Cleanup" daemon [_thread_blocked, id=800, stack(0x00000081baa00000,0x00000081bab00000)]
  0x00000228d53b7580 JavaThread "Thread-21" [_thread_blocked, id=11236, stack(0x00000081bb000000,0x00000081bb100000)]
  0x00000228d53b4d00 JavaThread "Worker-Main-5" daemon [_thread_blocked, id=31004, stack(0x00000081bb100000,0x00000081bb200000)]
  0x00000228d53b5720 JavaThread "Worker-Main-6" daemon [_thread_blocked, id=26748, stack(0x00000081bb200000,0x00000081bb300000)]
  0x00000228d53b8ed0 JavaThread "Worker-Main-9" daemon [_thread_blocked, id=10452, stack(0x00000081bb500000,0x00000081bb600000)]
  0x00000228d5446b10 JavaThread "FileSystemWatchService" daemon [_thread_in_native, id=2200, stack(0x00000081bbc00000,0x00000081bbd00000)]
  0x00000228d54405d0 JavaThread "FileSystemWatchService" daemon [_thread_in_native, id=27732, stack(0x00000081bbd00000,0x00000081bbe00000)]
  0x00000228d4e87810 JavaThread "FileSystemWatchService" daemon [_thread_in_native, id=19296, stack(0x00000081bc100000,0x00000081bc200000)]
  0x000002295a86a110 JavaThread "FileSystemWatchService" daemon [_thread_in_native, id=19980, stack(0x00000081bc200000,0x00000081bc300000)]
  0x000002295a8640e0 JavaThread "FileSystemWatchService" daemon [_thread_in_native, id=22912, stack(0x00000081bc300000,0x00000081bc400000)]
  0x000002295a86a620 JavaThread "Worker-Main-14" daemon [_thread_blocked, id=17244, stack(0x00000081bc500000,0x00000081bc600000)]
  0x000002295a865f40 JavaThread "HttpClient-2-SelectorManager" daemon [_thread_in_native, id=22392, stack(0x00000081bc800000,0x00000081bc900000)]
  0x000002295a8682b0 JavaThread "Auto-Sync thread" daemon [_thread_blocked, id=26404, stack(0x00000081bcc00000,0x00000081bcd00000)]
  0x000002295aa31330 JavaThread "CompletableFutureDelayScheduler" daemon [_thread_blocked, id=29192, stack(0x00000081bcd00000,0x00000081bce00000)]
  0x000002296f690e10 JavaThread "Thread-26" daemon [_thread_blocked, id=20100, stack(0x00000081bce00000,0x00000081bcf00000)]
  0x000002296e4d2b20 JavaThread "Thread-27" daemon [_thread_blocked, id=7212, stack(0x00000081bcf00000,0x00000081bd000000)]
  0x00000229601e93b0 JavaThread "Cleaner-2" daemon [_thread_blocked, id=28264, stack(0x00000081bab00000,0x00000081bac00000)]
  0x000002295af6ce90 JavaThread "pool-9-thread-1" [_thread_blocked, id=5052, stack(0x00000081b4700000,0x00000081b4800000)]
  0x000002296e746030 JavaThread "Worker-Main-18" daemon [_thread_blocked, id=24020, stack(0x00000081b5300000,0x00000081b5400000)]
  0x0000022985da73b0 JavaThread "Server thread" [_thread_in_Java, id=11208, stack(0x00000081b7700000,0x00000081b7800000)]
  0x000002295a864b00 JavaThread "FileSystemWatchService" daemon [_thread_in_native, id=33228, stack(0x00000081b7a00000,0x00000081b7b00000)]
  0x000002295a8636c0 JavaThread "ComputerCraft-Network-0" daemon [_thread_blocked, id=24992, stack(0x00000081b7b00000,0x00000081b7c00000)]
  0x0000022948ec8cf0 JavaThread "ComputerCraft-Network-1" daemon [_thread_blocked, id=26468, stack(0x00000081b7c00000,0x00000081b7d00000)]
  0x0000022985da6ea0 JavaThread "Thread-34" daemon [_thread_in_native, id=17572, stack(0x00000081b7d00000,0x00000081b7e00000)]
  0x0000022985da82e0 JavaThread "Thread-35" daemon [_thread_in_native, id=13356, stack(0x00000081b7e00000,0x00000081b7f00000)]
  0x0000022985da5a60 JavaThread "Thread-36" daemon [_thread_in_native, id=27624, stack(0x00000081b8500000,0x00000081b8600000)]
  0x0000022985da7dd0 JavaThread "Thread-37" daemon [_thread_in_native, id=13872, stack(0x00000081b9e00000,0x00000081b9f00000)]
  0x0000022985da5040 JavaThread "Thread-38" daemon [_thread_in_native, id=29036, stack(0x00000081ba000000,0x00000081ba100000)]
  0x0000022985da5f70 JavaThread "Thread-39" daemon [_thread_in_native, id=33448, stack(0x00000081ba200000,0x00000081ba300000)]
  0x0000022985da6480 JavaThread "Thread-40" daemon [_thread_in_native, id=16360, stack(0x00000081ba600000,0x00000081ba700000)]
  0x0000022985da6990 JavaThread "Thread-41" daemon [_thread_in_native, id=30736, stack(0x00000081ba700000,0x00000081ba800000)]
  0x0000022971f02fa0 JavaThread "Thread-42" daemon [_thread_in_native, id=25460, stack(0x00000081ba900000,0x00000081baa00000)]
  0x0000022971f034b0 JavaThread "Thread-43" daemon [_thread_in_native, id=15256, stack(0x00000081bad00000,0x00000081bae00000)]
  0x0000022971f039c0 JavaThread "Thread-44" daemon [_thread_in_native, id=19284, stack(0x00000081bae00000,0x00000081baf00000)]
  0x0000022971f02580 JavaThread "Thread-45" daemon [_thread_in_native, id=30352, stack(0x00000081bb300000,0x00000081bb400000)]
  0x0000022971f02070 JavaThread "Thread-46" daemon [_thread_in_native, id=6824, stack(0x00000081bb400000,0x00000081bb500000)]
  0x0000022971f02a90 JavaThread "Thread-47" daemon [_thread_in_native, id=2488, stack(0x00000081bb600000,0x00000081bb700000)]
  0x00000229e5ebafa0 JavaThread "Thread-48" daemon [_thread_in_native, id=13424, stack(0x00000081bb700000,0x00000081bb800000)]
  0x00000229e5ebc3e0 JavaThread "Thread-49" daemon [_thread_in_native, id=26920, stack(0x00000081bb800000,0x00000081bb900000)]
  0x00000229e5ebb9c0 JavaThread "Thread-50" daemon [_thread_in_native, id=332, stack(0x00000081bbe00000,0x00000081bbf00000)]
  0x000002296e958df0 JavaThread "ComputerCraft-Network-2" daemon [_thread_blocked, id=404, stack(0x00000081bbf00000,0x00000081bc000000)]
  0x000002296e4d3030 JavaThread "Worker-Main-20" daemon [_thread_blocked, id=2016, stack(0x00000081b7900000,0x00000081b7a00000)]
  0x0000022984876c20 JavaThread "Worker-Main-21" daemon [_thread_blocked, id=33576, stack(0x00000081bc000000,0x00000081bc100000)]
  0x0000022948ec9200 JavaThread "Worker-Main-22" daemon [_thread_blocked, id=28604, stack(0x00000081bc400000,0x00000081bc500000)]
  0x0000022945556e60 JavaThread "Worker-Main-23" daemon [_thread_blocked, id=29764, stack(0x00000081bc600000,0x00000081bc700000)]
  0x000002296e959300 JavaThread "Worker-Main-24" daemon [_thread_blocked, id=4900, stack(0x00000081bc700000,0x00000081bc800000)]
  0x00000229e4491380 JavaThread "Worker-Main-25" daemon [_thread_blocked, id=31796, stack(0x00000081bca00000,0x00000081bcb00000)]
  0x000002295a867890 JavaThread "Worker-Main-26" daemon [_thread_blocked, id=27900, stack(0x00000081bcb00000,0x00000081bcc00000)]
  0x000002296f690900 JavaThread "Worker-Main-27" daemon [_thread_blocked, id=24688, stack(0x00000081bd000000,0x00000081bd100000)]
  0x000002296e746540 JavaThread "NCN-Multiblocks-1" daemon [_thread_blocked, id=900, stack(0x00000081bd100000,0x00000081bd200000)]
  0x000002296e745610 JavaThread "NCN-Multiblocks-2" daemon [_thread_blocked, id=20800, stack(0x00000081bd200000,0x00000081bd300000)]
  0x000002296e745100 JavaThread "NCN-Multiblocks-3" daemon [_thread_blocked, id=33268, stack(0x00000081bd300000,0x00000081bd400000)]
  0x000002296e745b20 JavaThread "NCN-Multiblocks-4" daemon [_thread_blocked, id=21592, stack(0x00000081bd400000,0x00000081bd500000)]
  0x0000022947423290 JavaThread "NCN-Multiblocks-5" daemon [_thread_blocked, id=31624, stack(0x00000081bd500000,0x00000081bd600000)]
  0x00000229474241c0 JavaThread "NCN-Multiblocks-6" daemon [_thread_blocked, id=13420, stack(0x00000081bd600000,0x00000081bd700000)]
  0x00000229474237a0 JavaThread "NCN-Multiblocks-7" daemon [_thread_blocked, id=28596, stack(0x00000081bd700000,0x00000081bd800000)]
  0x0000022947423cb0 JavaThread "NCN-Multiblocks-8" daemon [_thread_blocked, id=9104, stack(0x00000081bd800000,0x00000081bd900000)]
  0x000002296f6903f0 JavaThread "ComputerCraft-Network-3" daemon [_thread_blocked, id=22260, stack(0x00000081bdb00000,0x00000081bdc00000)]
  0x00000229845514a0 JavaThread "qtp1365276375-223" [_thread_in_native, id=15436, stack(0x00000081b6b00000,0x00000081b6c00000)]
  0x0000022984552df0 JavaThread "qtp1365276375-224" [_thread_in_native, id=11972, stack(0x00000081b7000000,0x00000081b7100000)]
  0x00000229845523d0 JavaThread "qtp1365276375-225" [_thread_in_native, id=6172, stack(0x00000081b7300000,0x00000081b7400000)]
  0x0000022984550a80 JavaThread "qtp1365276375-226" [_thread_in_native, id=23444, stack(0x00000081b7600000,0x00000081b7700000)]
  0x0000022984550060 JavaThread "qtp1365276375-227" [_thread_in_native, id=3412, stack(0x00000081b7800000,0x00000081b7900000)]
  0x00000228d0815ec0 JavaThread "qtp1365276375-228" [_thread_in_native, id=8368, stack(0x00000081b7f00000,0x00000081b8000000)]
  0x0000022960be29e0 JavaThread "qtp1365276375-229-acceptor-0@1e61e716-ServerConnector@6dc8be24{HTTP/1.1, (http/1.1)}{0.0.0.0:8888}" [_thread_blocked, id=20444, stack(0x00000081bac00000,0x00000081bad00000)]
  0x0000022960be24d0 JavaThread "qtp1365276375-230-acceptor-1@3e17adf0-ServerConnector@6dc8be24{HTTP/1.1, (http/1.1)}{0.0.0.0:8888}" [_thread_in_native, id=12348, stack(0x00000081bc900000,0x00000081bca00000)]
  0x0000022960be2ef0 JavaThread "qtp1365276375-231" [_thread_blocked, id=14308, stack(0x00000081bd900000,0x00000081bda00000)]
  0x0000022960be1fc0 JavaThread "qtp1365276375-232" [_thread_blocked, id=23336, stack(0x00000081bdd00000,0x00000081bde00000)]
  0x0000022945555a20 JavaThread "Netty Server IO #0" daemon [_thread_in_native, id=4928, stack(0x00000081be300000,0x00000081be400000)]
  0x0000022945556440 JavaThread "Netty Local Client IO #0" daemon [_thread_blocked, id=16580, stack(0x00000081be400000,0x00000081be500000)]
  0x00000229474246d0 JavaThread "Netty Server IO #1" daemon [_thread_in_native, id=25224, stack(0x00000081be500000,0x00000081be600000)]
  0x0000022984877640 JavaThread "Sound engine" daemon [_thread_blocked, id=20300, stack(0x00000081beb00000,0x00000081bec00000)]
  0x000002295aec68e0 JavaThread "Flywheel Task Executor #0" [_thread_blocked, id=18012, stack(0x00000081bf500000,0x00000081bf600000)]
  0x000002295aec8230 JavaThread "Flywheel Task Executor #1" [_thread_blocked, id=15532, stack(0x00000081bf600000,0x00000081bf700000)]
  0x000002295aec8740 JavaThread "Flywheel Task Executor #2" [_thread_blocked, id=14748, stack(0x00000081bf700000,0x00000081bf800000)]
  0x000002296e9588e0 JavaThread "Flywheel Task Executor #3" [_thread_blocked, id=28344, stack(0x00000081bf800000,0x00000081bf900000)]
  0x000002296e9579b0 JavaThread "Flywheel Task Executor #4" [_thread_blocked, id=27832, stack(0x00000081bf900000,0x00000081bfa00000)]
  0x000002296e956060 JavaThread "Flywheel Task Executor #5" [_thread_blocked, id=1952, stack(0x00000081bfa00000,0x00000081bfb00000)]
  0x000002296e956570 JavaThread "Flywheel Task Executor #6" [_thread_blocked, id=30164, stack(0x00000081bfb00000,0x00000081bfc00000)]
  0x000002295af6c470 JavaThread "Flywheel Task Executor #7" [_thread_blocked, id=26136, stack(0x00000081bfc00000,0x00000081bfd00000)]
  0x000002295af6bf60 JavaThread "Flywheel Task Executor #8" [_thread_blocked, id=3636, stack(0x00000081bfd00000,0x00000081bfe00000)]
  0x000002296e9574a0 JavaThread "Flywheel Task Executor #9" [_thread_blocked, id=29684, stack(0x00000081bfe00000,0x00000081bff00000)]
  0x00000229e5ebaa90 JavaThread "Telemetry-Sender-#1" [_thread_blocked, id=1520, stack(0x00000081bff00000,0x00000081c0000000)]
  0x00000229e6a4e590 JavaThread "Chunk Render Task Executor #0" [_thread_blocked, id=3244, stack(0x00000081b3200000,0x00000081b3300000)]
  0x00000229e6a51320 JavaThread "Chunk Render Task Executor #1" [_thread_blocked, id=7772, stack(0x00000081b7400000,0x00000081b7500000)]
  0x00000229e6a50900 JavaThread "Chunk Render Task Executor #2" [_thread_blocked, id=33724, stack(0x00000081bec00000,0x00000081bed00000)]
  0x00000229e6a4fee0 JavaThread "Chunk Render Task Executor #3" [_thread_blocked, id=26160, stack(0x00000081bed00000,0x00000081bee00000)]
  0x00000229e6a51830 JavaThread "Chunk Render Task Executor #4" [_thread_blocked, id=25200, stack(0x00000081bee00000,0x00000081bef00000)]
  0x00000229e6a503f0 JavaThread "Chunk Render Task Executor #5" [_thread_blocked, id=19684, stack(0x00000081bef00000,0x00000081bf000000)]
  0x00000229e6a50e10 JavaThread "Chunk Render Task Executor #6" [_thread_blocked, id=28300, stack(0x00000081bf000000,0x00000081bf100000)]
  0x00000229e6a4efb0 JavaThread "Chunk Render Task Executor #7" [_thread_blocked, id=10908, stack(0x00000081bf100000,0x00000081bf200000)]
  0x00000229e6a4e080 JavaThread "Chunk Render Task Executor #8" [_thread_blocked, id=18936, stack(0x00000081bf200000,0x00000081bf300000)]
  0x00000229e6a4f4c0 JavaThread "Chunk Render Task Executor #9" [_thread_blocked, id=33264, stack(0x00000081bf300000,0x00000081bf400000)]
  0x00000229e6a4eaa0 JavaThread "Thread-30" [_thread_blocked, id=19660, stack(0x00000081c0e00000,0x00000081c0f00000)]
  0x00000229e34ed140 JavaThread "Worker-Main-32" daemon [_thread_blocked, id=8440, stack(0x00000081bdc00000,0x00000081bdd00000)]
  0x000002295aec6df0 JavaThread "Citadel Pathfinding Worker #0" daemon [_thread_blocked, id=22960, stack(0x00000081bde00000,0x00000081bdf00000)]
  0x000002295a7068d0 JavaThread "NTM-Packet-Thread-1" daemon [_thread_blocked, id=20564, stack(0x00000081be600000,0x00000081be700000)]
  0x00000229e52265c0 JavaThread "IO-Worker-33" [_thread_blocked, id=27460, stack(0x00000081bb900000,0x00000081bba00000)]
  0x00000229e34eb2e0 JavaThread "JEI Deduplicating Run Executor 0" [_thread_blocked, id=22808, stack(0x00000081b6c00000,0x00000081b6d00000)]
  0x000002295ad777c0 JavaThread "IO-Worker-41" [_thread_blocked, id=28456, stack(0x00000081b6a00000,0x00000081b6b00000)]
  0x00000229e42dee30 JavaThread "IO-Worker-42" [_thread_blocked, id=26356, stack(0x00000081b5e00000,0x00000081b5f00000)]
  0x00000229e34ebd00 JavaThread "ForkJoinPool.commonPool-worker-21" daemon [_thread_blocked, id=3564, stack(0x00000081b3400000,0x00000081b3500000)]
  0x00000228d53b6650 JavaThread "ForkJoinPool.commonPool-worker-22" daemon [_thread_blocked, id=812, stack(0x00000081b7200000,0x00000081b7300000)]
  0x00000228d53b1f70 JavaThread "ForkJoinPool.commonPool-worker-23" daemon [_thread_blocked, id=27784, stack(0x00000081b7500000,0x00000081b7600000)]
  0x0000022984551ec0 JavaThread "ForkJoinPool.commonPool-worker-24" daemon [_thread_blocked, id=8912, stack(0x00000081ba400000,0x00000081ba500000)]
  0x000002295ad77cd0 JavaThread "ForkJoinPool.commonPool-worker-25" daemon [_thread_blocked, id=24736, stack(0x00000081baf00000,0x00000081bb000000)]
  0x0000022984550f90 JavaThread "ForkJoinPool.commonPool-worker-26" daemon [_thread_blocked, id=33732, stack(0x00000081bba00000,0x00000081bbb00000)]
  0x00000229e34ee070 JavaThread "ForkJoinPool.commonPool-worker-27" daemon [_thread_blocked, id=22356, stack(0x00000081bbb00000,0x00000081bbc00000)]
  0x00000229e5224c70 JavaThread "ForkJoinPool.commonPool-worker-28" daemon [_thread_blocked, id=33020, stack(0x00000081bda00000,0x00000081bdb00000)]
  0x00000228d08159b0 JavaThread "ForkJoinPool.commonPool-worker-29" daemon [_thread_blocked, id=9036, stack(0x00000081bdf00000,0x00000081be000000)]
  0x00000228d53b42e0 JavaThread "ForkJoinPool.commonPool-worker-30" daemon [_thread_blocked, id=18052, stack(0x00000081be000000,0x00000081be100000)]
  0x000002295ad781e0 JavaThread "ForkJoinPool.commonPool-worker-31" daemon [_thread_blocked, id=13260, stack(0x00000081be100000,0x00000081be200000)]
  0x000002295aec7810 JavaThread "ForkJoinPool.commonPool-worker-32" daemon [_thread_blocked, id=23316, stack(0x00000081be200000,0x00000081be300000)]
  0x00000229e5226ad0 JavaThread "ForkJoinPool.commonPool-worker-33" daemon [_thread_blocked, id=14352, stack(0x00000081be700000,0x00000081be800000)]
  0x00000229e34ed650 JavaThread "ForkJoinPool.commonPool-worker-34" daemon [_thread_blocked, id=33096, stack(0x00000081be800000,0x00000081be900000)]
  0x00000229e4382590 JavaThread "ForkJoinPool.commonPool-worker-35" daemon [_thread_blocked, id=13524, stack(0x00000081be900000,0x00000081bea00000)]

Other Threads:
  0x00000228fbf4c9f0 VMThread "VM Thread" [stack: 0x00000081b3b00000,0x00000081b3c00000] [id=16304]
  0x00000228cb2a6220 WatcherThread [stack: 0x00000081b4900000,0x00000081b4a00000] [id=27044]
  0x00000228fbdb0600 GCTaskThread "GC Thread#0" [stack: 0x00000081b3600000,0x00000081b3700000] [id=13480]
  0x00000228cb2c1c50 GCTaskThread "GC Thread#1" [stack: 0x00000081b4a00000,0x00000081b4b00000] [id=19124]
  0x00000228cb2c1f10 GCTaskThread "GC Thread#2" [stack: 0x00000081b4b00000,0x00000081b4c00000] [id=31196]
  0x00000228cb336910 GCTaskThread "GC Thread#3" [stack: 0x00000081b4c00000,0x00000081b4d00000] [id=20400]
  0x00000228cb896370 GCTaskThread "GC Thread#4" [stack: 0x00000081b4d00000,0x00000081b4e00000] [id=31152]
  0x00000228cb8968f0 GCTaskThread "GC Thread#5" [stack: 0x00000081b4e00000,0x00000081b4f00000] [id=32156]
  0x00000228cb8955b0 GCTaskThread "GC Thread#6" [stack: 0x00000081b5600000,0x00000081b5700000] [id=23920]
  0x00000228cb895b30 GCTaskThread "GC Thread#7" [stack: 0x00000081b5700000,0x00000081b5800000] [id=29020]
  0x00000228cb895df0 GCTaskThread "GC Thread#8" [stack: 0x00000081b5800000,0x00000081b5900000] [id=21912]
  0x00000228cb896e70 GCTaskThread "GC Thread#9" [stack: 0x00000081b5900000,0x00000081b5a00000] [id=32816]
  0x00000228cb895870 GCTaskThread "GC Thread#10" [stack: 0x00000081b5a00000,0x00000081b5b00000] [id=23264]
  0x00000228cb8952f0 GCTaskThread "GC Thread#11" [stack: 0x00000081b5b00000,0x00000081b5c00000] [id=18612]
  0x00000228d4326ab0 GCTaskThread "GC Thread#12" [stack: 0x00000081b6100000,0x00000081b6200000] [id=22968]
  0x00000228fbdbef30 ConcurrentGCThread "G1 Main Marker" [stack: 0x00000081b3700000,0x00000081b3800000] [id=12424]
  0x00000228fbdbf850 ConcurrentGCThread "G1 Conc#0" [stack: 0x00000081b3800000,0x00000081b3900000] [id=14668]
  0x00000228d4325a30 ConcurrentGCThread "G1 Conc#1" [stack: 0x00000081b6200000,0x00000081b6300000] [id=5908]
  0x00000228d4329130 ConcurrentGCThread "G1 Conc#2" [stack: 0x00000081b6300000,0x00000081b6400000] [id=22888]
  0x00000228fbe92010 ConcurrentGCThread "G1 Refine#0" [stack: 0x00000081b3900000,0x00000081b3a00000] [id=3096]
  0x00000228d3f73040 ConcurrentGCThread "G1 Refine#1" [stack: 0x00000081b6400000,0x00000081b6500000] [id=17668]
  0x00000228d3fb97e0 ConcurrentGCThread "G1 Refine#2" [stack: 0x00000081b6500000,0x00000081b6600000] [id=8668]
  0x00000228d4fd3fc0 ConcurrentGCThread "G1 Refine#3" [stack: 0x00000081b6700000,0x00000081b6800000] [id=13584]
  0x000002294736bee0 ConcurrentGCThread "G1 Refine#4" [stack: 0x00000081b6800000,0x00000081b6900000] [id=9876]
  0x0000022947369ba0 ConcurrentGCThread "G1 Refine#5" [stack: 0x00000081b4500000,0x00000081b4600000] [id=22856]
  0x0000022947369e90 ConcurrentGCThread "G1 Refine#6" [stack: 0x00000081b4f00000,0x00000081b5000000] [id=11828]
  0x00000228d565ace0 ConcurrentGCThread "G1 Refine#7" [stack: 0x00000081b5000000,0x00000081b5100000] [id=1532]
  0x00000228d565afd0 ConcurrentGCThread "G1 Refine#8" [stack: 0x00000081b8000000,0x00000081b8100000] [id=23108]
  0x00000228d565b2c0 ConcurrentGCThread "G1 Refine#9" [stack: 0x00000081b8100000,0x00000081b8200000] [id=25912]
  0x00000228d565b5b0 ConcurrentGCThread "G1 Refine#10" [stack: 0x00000081b8200000,0x00000081b8300000] [id=11008]
  0x00000228d565a120 ConcurrentGCThread "G1 Refine#11" [stack: 0x00000081b8300000,0x00000081b8400000] [id=22388]
  0x00000228d565a410 ConcurrentGCThread "G1 Refine#12" [stack: 0x00000081b8400000,0x00000081b8500000] [id=32216]
  0x00000228fbe92950 ConcurrentGCThread "G1 Service" [stack: 0x00000081b3a00000,0x00000081b3b00000] [id=25456]

Threads with active compile tasks:

VM state: not at safepoint (normal execution)

VM Mutex/Monitor currently owned by a thread: None

Heap address: 0x0000000584000000, size: 10176 MB, Compressed Oops mode: Zero based, Oop shift amount: 3

CDS archive(s) mapped at: [0x000002288a000000-0x000002288aa60000-0x000002288aa60000), size 10878976, SharedBaseAddress: 0x000002288a000000, ArchiveRelocationMode: 1.
Compressed class space mapped at: 0x000002288b000000-0x00000228cb000000, reserved size: 1073741824
Narrow klass base: 0x000002288a000000, Narrow klass shift: 0, Narrow klass range: 0x100000000

GC Precious Log:
 CPUs: 16 total, 16 available
 Memory: 32691M
 Large Page Support: Disabled
 NUMA Support: Disabled
 Compressed Oops: Enabled (Zero based)
 Heap Region Size: 8M
 Heap Min Capacity: 256M
 Heap Initial Capacity: 256M
 Heap Max Capacity: 10176M
 Pre-touch: Disabled
 Parallel Workers: 13
 Concurrent Workers: 3
 Concurrent Refinement Workers: 13
 Periodic GC: Disabled

Heap:
 garbage-first heap   total 10420224K, used 8713912K [0x0000000584000000, 0x0000000800000000)
  region size 8192K, 182 young (1490944K), 2 survivors (16384K)
 Metaspace       used 536551K, committed 541184K, reserved 1507328K
  class space    used 94303K, committed 96192K, reserved 1048576K

Heap Regions: E=young(eden), S=young(survivor), O=old, HS=humongous(starts), HC=humongous(continues), CS=collection set, F=free, OA=open archive, CA=closed archive, TAMS=top-at-mark-start (previous, next)
|   0|0x0000000584000000, 0x0000000584800000, 0x0000000584800000|100%| O|  |TAMS 0x0000000584800000, 0x0000000584000000| Untracked 
|   1|0x0000000584800000, 0x0000000585000000, 0x0000000585000000|100%| O|  |TAMS 0x0000000585000000, 0x0000000584800000| Untracked 
|   2|0x0000000585000000, 0x0000000585800000, 0x0000000585800000|100%| O|  |TAMS 0x0000000585800000, 0x0000000585000000| Untracked 
|   3|0x0000000585800000, 0x0000000586000000, 0x0000000586000000|100%| O|  |TAMS 0x0000000586000000, 0x0000000585800000| Untracked 
|   4|0x0000000586000000, 0x0000000586800000, 0x0000000586800000|100%| O|  |TAMS 0x0000000586800000, 0x0000000586000000| Untracked 
|   5|0x0000000586800000, 0x0000000587000000, 0x0000000587000000|100%| O|  |TAMS 0x0000000587000000, 0x0000000586800000| Untracked 
|   6|0x0000000587000000, 0x0000000587800000, 0x0000000587800000|100%| O|  |TAMS 0x0000000587800000, 0x0000000587000000| Untracked 
|   7|0x0000000587800000, 0x0000000588000000, 0x0000000588000000|100%| O|  |TAMS 0x0000000588000000, 0x0000000587800000| Untracked 
|   8|0x0000000588000000, 0x0000000588800000, 0x0000000588800000|100%| O|  |TAMS 0x0000000588800000, 0x0000000588000000| Untracked 
|   9|0x0000000588800000, 0x0000000589000000, 0x0000000589000000|100%| O|  |TAMS 0x0000000589000000, 0x0000000588800000| Untracked 
|  10|0x0000000589000000, 0x0000000589800000, 0x0000000589800000|100%| O|  |TAMS 0x0000000589800000, 0x0000000589000000| Untracked 
|  11|0x0000000589800000, 0x000000058a000000, 0x000000058a000000|100%| O|  |TAMS 0x000000058a000000, 0x0000000589800000| Untracked 
|  12|0x000000058a000000, 0x000000058a800000, 0x000000058a800000|100%| O|  |TAMS 0x000000058a800000, 0x000000058a000000| Untracked 
|  13|0x000000058a800000, 0x000000058b000000, 0x000000058b000000|100%| O|  |TAMS 0x000000058b000000, 0x000000058a800000| Untracked 
|  14|0x000000058b000000, 0x000000058b800000, 0x000000058b800000|100%| O|  |TAMS 0x000000058b800000, 0x000000058b000000| Untracked 
|  15|0x000000058b800000, 0x000000058c000000, 0x000000058c000000|100%| O|  |TAMS 0x000000058c000000, 0x000000058b800000| Untracked 
|  16|0x000000058c000000, 0x000000058c800000, 0x000000058c800000|100%| O|  |TAMS 0x000000058c800000, 0x000000058c000000| Untracked 
|  17|0x000000058c800000, 0x000000058d000000, 0x000000058d000000|100%| O|  |TAMS 0x000000058d000000, 0x000000058c800000| Untracked 
|  18|0x000000058d000000, 0x000000058d800000, 0x000000058d800000|100%| O|  |TAMS 0x000000058d800000, 0x000000058d000000| Untracked 
|  19|0x000000058d800000, 0x000000058e000000, 0x000000058e000000|100%| O|  |TAMS 0x000000058e000000, 0x000000058d800000| Untracked 
|  20|0x000000058e000000, 0x000000058e800000, 0x000000058e800000|100%| O|  |TAMS 0x000000058e800000, 0x000000058e000000| Untracked 
|  21|0x000000058e800000, 0x000000058f000000, 0x000000058f000000|100%| O|  |TAMS 0x000000058f000000, 0x000000058e800000| Untracked 
|  22|0x000000058f000000, 0x000000058f800000, 0x000000058f800000|100%| O|  |TAMS 0x000000058f800000, 0x000000058f000000| Untracked 
|  23|0x000000058f800000, 0x0000000590000000, 0x0000000590000000|100%| O|  |TAMS 0x0000000590000000, 0x000000058f800000| Untracked 
|  24|0x0000000590000000, 0x0000000590800000, 0x0000000590800000|100%| O|  |TAMS 0x0000000590800000, 0x0000000590000000| Untracked 
|  25|0x0000000590800000, 0x0000000591000000, 0x0000000591000000|100%| O|  |TAMS 0x0000000591000000, 0x0000000590800000| Untracked 
|  26|0x0000000591000000, 0x0000000591800000, 0x0000000591800000|100%| O|  |TAMS 0x0000000591800000, 0x0000000591000000| Untracked 
|  27|0x0000000591800000, 0x0000000592000000, 0x0000000592000000|100%| O|  |TAMS 0x0000000592000000, 0x0000000591800000| Untracked 
|  28|0x0000000592000000, 0x0000000592800000, 0x0000000592800000|100%| O|  |TAMS 0x0000000592800000, 0x0000000592000000| Untracked 
|  29|0x0000000592800000, 0x0000000593000000, 0x0000000593000000|100%| O|  |TAMS 0x0000000593000000, 0x0000000592800000| Untracked 
|  30|0x0000000593000000, 0x0000000593800000, 0x0000000593800000|100%| O|  |TAMS 0x0000000593800000, 0x0000000593000000| Untracked 
|  31|0x0000000593800000, 0x0000000594000000, 0x0000000594000000|100%| O|  |TAMS 0x0000000594000000, 0x0000000593800000| Untracked 
|  32|0x0000000594000000, 0x0000000594800000, 0x0000000594800000|100%| O|  |TAMS 0x0000000594800000, 0x0000000594000000| Untracked 
|  33|0x0000000594800000, 0x0000000595000000, 0x0000000595000000|100%|HS|  |TAMS 0x0000000595000000, 0x0000000594800000| Complete 
|  34|0x0000000595000000, 0x0000000595800000, 0x0000000595800000|100%|HS|  |TAMS 0x0000000595800000, 0x0000000595000000| Complete 
|  35|0x0000000595800000, 0x0000000596000000, 0x0000000596000000|100%| O|  |TAMS 0x0000000596000000, 0x0000000595800000| Untracked 
|  36|0x0000000596000000, 0x0000000596800000, 0x0000000596800000|100%|HS|  |TAMS 0x0000000596800000, 0x0000000596000000| Complete 
|  37|0x0000000596800000, 0x0000000597000000, 0x0000000597000000|100%| O|  |TAMS 0x0000000597000000, 0x0000000596800000| Untracked 
|  38|0x0000000597000000, 0x0000000597800000, 0x0000000597800000|100%| O|  |TAMS 0x0000000597800000, 0x0000000597000000| Untracked 
|  39|0x0000000597800000, 0x0000000598000000, 0x0000000598000000|100%| O|  |TAMS 0x0000000598000000, 0x0000000597800000| Untracked 
|  40|0x0000000598000000, 0x0000000598800000, 0x0000000598800000|100%| O|  |TAMS 0x0000000598800000, 0x0000000598000000| Untracked 
|  41|0x0000000598800000, 0x0000000599000000, 0x0000000599000000|100%| O|  |TAMS 0x0000000599000000, 0x0000000598800000| Untracked 
|  42|0x0000000599000000, 0x0000000599800000, 0x0000000599800000|100%| O|  |TAMS 0x0000000599800000, 0x0000000599000000| Untracked 
|  43|0x0000000599800000, 0x000000059a000000, 0x000000059a000000|100%| O|  |TAMS 0x000000059a000000, 0x0000000599800000| Untracked 
|  44|0x000000059a000000, 0x000000059a800000, 0x000000059a800000|100%| O|  |TAMS 0x000000059a800000, 0x000000059a000000| Untracked 
|  45|0x000000059a800000, 0x000000059b000000, 0x000000059b000000|100%| O|  |TAMS 0x000000059b000000, 0x000000059a800000| Untracked 
|  46|0x000000059b000000, 0x000000059b800000, 0x000000059b800000|100%| O|  |TAMS 0x000000059b800000, 0x000000059b000000| Untracked 
|  47|0x000000059b800000, 0x000000059c000000, 0x000000059c000000|100%| O|  |TAMS 0x000000059c000000, 0x000000059b800000| Untracked 
|  48|0x000000059c000000, 0x000000059c800000, 0x000000059c800000|100%| O|  |TAMS 0x000000059c800000, 0x000000059c000000| Untracked 
|  49|0x000000059c800000, 0x000000059d000000, 0x000000059d000000|100%| O|  |TAMS 0x000000059d000000, 0x000000059c800000| Untracked 
|  50|0x000000059d000000, 0x000000059d800000, 0x000000059d800000|100%| O|  |TAMS 0x000000059d800000, 0x000000059d000000| Untracked 
|  51|0x000000059d800000, 0x000000059e000000, 0x000000059e000000|100%| O|  |TAMS 0x000000059e000000, 0x000000059d800000| Untracked 
|  52|0x000000059e000000, 0x000000059e800000, 0x000000059e800000|100%| O|  |TAMS 0x000000059e800000, 0x000000059e000000| Untracked 
|  53|0x000000059e800000, 0x000000059f000000, 0x000000059f000000|100%| O|  |TAMS 0x000000059f000000, 0x000000059e800000| Untracked 
|  54|0x000000059f000000, 0x000000059f800000, 0x000000059f800000|100%| O|  |TAMS 0x000000059f800000, 0x000000059f000000| Untracked 
|  55|0x000000059f800000, 0x00000005a0000000, 0x00000005a0000000|100%| O|  |TAMS 0x00000005a0000000, 0x000000059f800000| Untracked 
|  56|0x00000005a0000000, 0x00000005a0800000, 0x00000005a0800000|100%| O|  |TAMS 0x00000005a0800000, 0x00000005a0000000| Untracked 
|  57|0x00000005a0800000, 0x00000005a1000000, 0x00000005a1000000|100%| O|  |TAMS 0x00000005a1000000, 0x00000005a0800000| Untracked 
|  58|0x00000005a1000000, 0x00000005a1800000, 0x00000005a1800000|100%| O|  |TAMS 0x00000005a1800000, 0x00000005a1000000| Untracked 
|  59|0x00000005a1800000, 0x00000005a2000000, 0x00000005a2000000|100%| O|  |TAMS 0x00000005a2000000, 0x00000005a1800000| Untracked 
|  60|0x00000005a2000000, 0x00000005a2800000, 0x00000005a2800000|100%| O|  |TAMS 0x00000005a2800000, 0x00000005a2000000| Untracked 
|  61|0x00000005a2800000, 0x00000005a3000000, 0x00000005a3000000|100%| O|  |TAMS 0x00000005a3000000, 0x00000005a2800000| Untracked 
|  62|0x00000005a3000000, 0x00000005a3800000, 0x00000005a3800000|100%| O|  |TAMS 0x00000005a3800000, 0x00000005a3000000| Untracked 
|  63|0x00000005a3800000, 0x00000005a4000000, 0x00000005a4000000|100%| O|  |TAMS 0x00000005a4000000, 0x00000005a3800000| Untracked 
|  64|0x00000005a4000000, 0x00000005a4800000, 0x00000005a4800000|100%|HS|  |TAMS 0x00000005a4800000, 0x00000005a4000000| Complete 
|  65|0x00000005a4800000, 0x00000005a5000000, 0x00000005a5000000|100%|HC|  |TAMS 0x00000005a5000000, 0x00000005a4800000| Complete 
|  66|0x00000005a5000000, 0x00000005a5800000, 0x00000005a5800000|100%| O|  |TAMS 0x00000005a5800000, 0x00000005a5000000| Untracked 
|  67|0x00000005a5800000, 0x00000005a6000000, 0x00000005a6000000|100%| O|  |TAMS 0x00000005a6000000, 0x00000005a5800000| Untracked 
|  68|0x00000005a6000000, 0x00000005a6800000, 0x00000005a6800000|100%| O|  |TAMS 0x00000005a6800000, 0x00000005a6000000| Untracked 
|  69|0x00000005a6800000, 0x00000005a7000000, 0x00000005a7000000|100%| O|  |TAMS 0x00000005a7000000, 0x00000005a6800000| Untracked 
|  70|0x00000005a7000000, 0x00000005a7800000, 0x00000005a7800000|100%| O|  |TAMS 0x00000005a7800000, 0x00000005a7000000| Untracked 
|  71|0x00000005a7800000, 0x00000005a8000000, 0x00000005a8000000|100%| O|  |TAMS 0x00000005a8000000, 0x00000005a7800000| Untracked 
|  72|0x00000005a8000000, 0x00000005a8800000, 0x00000005a8800000|100%| O|  |TAMS 0x00000005a8800000, 0x00000005a8000000| Untracked 
|  73|0x00000005a8800000, 0x00000005a9000000, 0x00000005a9000000|100%| O|  |TAMS 0x00000005a9000000, 0x00000005a8800000| Untracked 
|  74|0x00000005a9000000, 0x00000005a9800000, 0x00000005a9800000|100%| O|  |TAMS 0x00000005a9800000, 0x00000005a9000000| Untracked 
|  75|0x00000005a9800000, 0x00000005aa000000, 0x00000005aa000000|100%| O|  |TAMS 0x00000005aa000000, 0x00000005a9800000| Untracked 
|  76|0x00000005aa000000, 0x00000005aa800000, 0x00000005aa800000|100%| O|  |TAMS 0x00000005aa800000, 0x00000005aa000000| Untracked 
|  77|0x00000005aa800000, 0x00000005ab000000, 0x00000005ab000000|100%| O|  |TAMS 0x00000005ab000000, 0x00000005aa800000| Untracked 
|  78|0x00000005ab000000, 0x00000005ab800000, 0x00000005ab800000|100%| O|  |TAMS 0x00000005ab800000, 0x00000005ab000000| Untracked 
|  79|0x00000005ab800000, 0x00000005ac000000, 0x00000005ac000000|100%| O|  |TAMS 0x00000005ac000000, 0x00000005ab800000| Untracked 
|  80|0x00000005ac000000, 0x00000005ac800000, 0x00000005ac800000|100%| O|  |TAMS 0x00000005ac800000, 0x00000005ac000000| Untracked 
|  81|0x00000005ac800000, 0x00000005ad000000, 0x00000005ad000000|100%| O|  |TAMS 0x00000005ad000000, 0x00000005ac800000| Untracked 
|  82|0x00000005ad000000, 0x00000005ad800000, 0x00000005ad800000|100%| O|  |TAMS 0x00000005ad800000, 0x00000005ad000000| Untracked 
|  83|0x00000005ad800000, 0x00000005ae000000, 0x00000005ae000000|100%| O|  |TAMS 0x00000005ae000000, 0x00000005ad800000| Untracked 
|  84|0x00000005ae000000, 0x00000005ae800000, 0x00000005ae800000|100%| O|  |TAMS 0x00000005ae800000, 0x00000005ae000000| Untracked 
|  85|0x00000005ae800000, 0x00000005af000000, 0x00000005af000000|100%| O|  |TAMS 0x00000005af000000, 0x00000005ae800000| Untracked 
|  86|0x00000005af000000, 0x00000005af800000, 0x00000005af800000|100%| O|  |TAMS 0x00000005af800000, 0x00000005af000000| Untracked 
|  87|0x00000005af800000, 0x00000005b0000000, 0x00000005b0000000|100%| O|  |TAMS 0x00000005b0000000, 0x00000005af800000| Untracked 
|  88|0x00000005b0000000, 0x00000005b0800000, 0x00000005b0800000|100%| O|  |TAMS 0x00000005b0800000, 0x00000005b0000000| Untracked 
|  89|0x00000005b0800000, 0x00000005b1000000, 0x00000005b1000000|100%| O|  |TAMS 0x00000005b1000000, 0x00000005b0800000| Untracked 
|  90|0x00000005b1000000, 0x00000005b1800000, 0x00000005b1800000|100%| O|  |TAMS 0x00000005b1800000, 0x00000005b1000000| Untracked 
|  91|0x00000005b1800000, 0x00000005b2000000, 0x00000005b2000000|100%| O|  |TAMS 0x00000005b2000000, 0x00000005b1800000| Untracked 
|  92|0x00000005b2000000, 0x00000005b2800000, 0x00000005b2800000|100%| O|  |TAMS 0x00000005b2800000, 0x00000005b2000000| Untracked 
|  93|0x00000005b2800000, 0x00000005b3000000, 0x00000005b3000000|100%| O|  |TAMS 0x00000005b3000000, 0x00000005b2800000| Untracked 
|  94|0x00000005b3000000, 0x00000005b3800000, 0x00000005b3800000|100%| O|  |TAMS 0x00000005b3800000, 0x00000005b3000000| Untracked 
|  95|0x00000005b3800000, 0x00000005b4000000, 0x00000005b4000000|100%| O|  |TAMS 0x00000005b4000000, 0x00000005b3800000| Untracked 
|  96|0x00000005b4000000, 0x00000005b4800000, 0x00000005b4800000|100%| O|  |TAMS 0x00000005b4800000, 0x00000005b4000000| Untracked 
|  97|0x00000005b4800000, 0x00000005b5000000, 0x00000005b5000000|100%| O|  |TAMS 0x00000005b5000000, 0x00000005b4800000| Untracked 
|  98|0x00000005b5000000, 0x00000005b5800000, 0x00000005b5800000|100%| O|  |TAMS 0x00000005b5800000, 0x00000005b5000000| Untracked 
|  99|0x00000005b5800000, 0x00000005b6000000, 0x00000005b6000000|100%| O|  |TAMS 0x00000005b6000000, 0x00000005b5800000| Untracked 
| 100|0x00000005b6000000, 0x00000005b6800000, 0x00000005b6800000|100%| O|  |TAMS 0x00000005b6800000, 0x00000005b6000000| Untracked 
| 101|0x00000005b6800000, 0x00000005b7000000, 0x00000005b7000000|100%| O|  |TAMS 0x00000005b7000000, 0x00000005b6800000| Untracked 
| 102|0x00000005b7000000, 0x00000005b7800000, 0x00000005b7800000|100%| O|  |TAMS 0x00000005b7800000, 0x00000005b7000000| Untracked 
| 103|0x00000005b7800000, 0x00000005b8000000, 0x00000005b8000000|100%| O|  |TAMS 0x00000005b8000000, 0x00000005b7800000| Untracked 
| 104|0x00000005b8000000, 0x00000005b8800000, 0x00000005b8800000|100%| O|  |TAMS 0x00000005b8800000, 0x00000005b8000000| Untracked 
| 105|0x00000005b8800000, 0x00000005b9000000, 0x00000005b9000000|100%| O|  |TAMS 0x00000005b9000000, 0x00000005b8800000| Untracked 
| 106|0x00000005b9000000, 0x00000005b9800000, 0x00000005b9800000|100%| O|  |TAMS 0x00000005b9800000, 0x00000005b9000000| Untracked 
| 107|0x00000005b9800000, 0x00000005ba000000, 0x00000005ba000000|100%| O|  |TAMS 0x00000005ba000000, 0x00000005b9800000| Untracked 
| 108|0x00000005ba000000, 0x00000005ba800000, 0x00000005ba800000|100%| O|  |TAMS 0x00000005ba800000, 0x00000005ba000000| Untracked 
| 109|0x00000005ba800000, 0x00000005bb000000, 0x00000005bb000000|100%| O|  |TAMS 0x00000005bb000000, 0x00000005ba800000| Untracked 
| 110|0x00000005bb000000, 0x00000005bb800000, 0x00000005bb800000|100%| O|  |TAMS 0x00000005bb800000, 0x00000005bb000000| Untracked 
| 111|0x00000005bb800000, 0x00000005bc000000, 0x00000005bc000000|100%| O|  |TAMS 0x00000005bc000000, 0x00000005bb800000| Untracked 
| 112|0x00000005bc000000, 0x00000005bc800000, 0x00000005bc800000|100%| O|  |TAMS 0x00000005bc800000, 0x00000005bc000000| Untracked 
| 113|0x00000005bc800000, 0x00000005bd000000, 0x00000005bd000000|100%| O|  |TAMS 0x00000005bd000000, 0x00000005bc800000| Untracked 
| 114|0x00000005bd000000, 0x00000005bd800000, 0x00000005bd800000|100%| O|  |TAMS 0x00000005bd800000, 0x00000005bd000000| Untracked 
| 115|0x00000005bd800000, 0x00000005be000000, 0x00000005be000000|100%| O|  |TAMS 0x00000005be000000, 0x00000005bd800000| Untracked 
| 116|0x00000005be000000, 0x00000005be800000, 0x00000005be800000|100%| O|  |TAMS 0x00000005be800000, 0x00000005be000000| Untracked 
| 117|0x00000005be800000, 0x00000005bf000000, 0x00000005bf000000|100%| O|  |TAMS 0x00000005bf000000, 0x00000005be800000| Untracked 
| 118|0x00000005bf000000, 0x00000005bf800000, 0x00000005bf800000|100%| O|  |TAMS 0x00000005bf800000, 0x00000005bf000000| Untracked 
| 119|0x00000005bf800000, 0x00000005c0000000, 0x00000005c0000000|100%| O|  |TAMS 0x00000005c0000000, 0x00000005bf800000| Untracked 
| 120|0x00000005c0000000, 0x00000005c0800000, 0x00000005c0800000|100%| O|  |TAMS 0x00000005c0800000, 0x00000005c0000000| Untracked 
| 121|0x00000005c0800000, 0x00000005c1000000, 0x00000005c1000000|100%| O|  |TAMS 0x00000005c1000000, 0x00000005c0800000| Untracked 
| 122|0x00000005c1000000, 0x00000005c1800000, 0x00000005c1800000|100%| O|  |TAMS 0x00000005c1800000, 0x00000005c1000000| Untracked 
| 123|0x00000005c1800000, 0x00000005c2000000, 0x00000005c2000000|100%| O|  |TAMS 0x00000005c2000000, 0x00000005c1800000| Untracked 
| 124|0x00000005c2000000, 0x00000005c2800000, 0x00000005c2800000|100%| O|  |TAMS 0x00000005c2800000, 0x00000005c2000000| Untracked 
| 125|0x00000005c2800000, 0x00000005c3000000, 0x00000005c3000000|100%| O|  |TAMS 0x00000005c3000000, 0x00000005c2800000| Untracked 
| 126|0x00000005c3000000, 0x00000005c3800000, 0x00000005c3800000|100%| O|  |TAMS 0x00000005c3800000, 0x00000005c3000000| Untracked 
| 127|0x00000005c3800000, 0x00000005c4000000, 0x00000005c4000000|100%| O|  |TAMS 0x00000005c4000000, 0x00000005c3800000| Untracked 
| 128|0x00000005c4000000, 0x00000005c4800000, 0x00000005c4800000|100%| O|  |TAMS 0x00000005c4800000, 0x00000005c4000000| Untracked 
| 129|0x00000005c4800000, 0x00000005c5000000, 0x00000005c5000000|100%| O|  |TAMS 0x00000005c5000000, 0x00000005c4800000| Untracked 
| 130|0x00000005c5000000, 0x00000005c5800000, 0x00000005c5800000|100%| O|  |TAMS 0x00000005c5800000, 0x00000005c5000000| Untracked 
| 131|0x00000005c5800000, 0x00000005c6000000, 0x00000005c6000000|100%| O|  |TAMS 0x00000005c6000000, 0x00000005c5800000| Untracked 
| 132|0x00000005c6000000, 0x00000005c6800000, 0x00000005c6800000|100%| O|  |TAMS 0x00000005c6800000, 0x00000005c6000000| Untracked 
| 133|0x00000005c6800000, 0x00000005c7000000, 0x00000005c7000000|100%| O|  |TAMS 0x00000005c7000000, 0x00000005c6800000| Untracked 
| 134|0x00000005c7000000, 0x00000005c7800000, 0x00000005c7800000|100%| O|  |TAMS 0x00000005c7800000, 0x00000005c7000000| Untracked 
| 135|0x00000005c7800000, 0x00000005c8000000, 0x00000005c8000000|100%| O|  |TAMS 0x00000005c8000000, 0x00000005c7800000| Untracked 
| 136|0x00000005c8000000, 0x00000005c8800000, 0x00000005c8800000|100%| O|  |TAMS 0x00000005c8800000, 0x00000005c8000000| Untracked 
| 137|0x00000005c8800000, 0x00000005c9000000, 0x00000005c9000000|100%| O|  |TAMS 0x00000005c9000000, 0x00000005c8800000| Untracked 
| 138|0x00000005c9000000, 0x00000005c9800000, 0x00000005c9800000|100%| O|  |TAMS 0x00000005c9800000, 0x00000005c9000000| Untracked 
| 139|0x00000005c9800000, 0x00000005ca000000, 0x00000005ca000000|100%| O|  |TAMS 0x00000005ca000000, 0x00000005c9800000| Untracked 
| 140|0x00000005ca000000, 0x00000005ca800000, 0x00000005ca800000|100%| O|  |TAMS 0x00000005ca000000, 0x00000005ca000000| Untracked 
| 141|0x00000005ca800000, 0x00000005cb000000, 0x00000005cb000000|100%| O|  |TAMS 0x00000005cb000000, 0x00000005ca800000| Untracked 
| 142|0x00000005cb000000, 0x00000005cb800000, 0x00000005cb800000|100%| O|  |TAMS 0x00000005cb800000, 0x00000005cb000000| Untracked 
| 143|0x00000005cb800000, 0x00000005cc000000, 0x00000005cc000000|100%| O|  |TAMS 0x00000005cc000000, 0x00000005cb800000| Untracked 
| 144|0x00000005cc000000, 0x00000005cc800000, 0x00000005cc800000|100%| O|  |TAMS 0x00000005cc800000, 0x00000005cc000000| Untracked 
| 145|0x00000005cc800000, 0x00000005cd000000, 0x00000005cd000000|100%| O|  |TAMS 0x00000005cd000000, 0x00000005cc800000| Untracked 
| 146|0x00000005cd000000, 0x00000005cd800000, 0x00000005cd800000|100%| O|  |TAMS 0x00000005cd800000, 0x00000005cd000000| Untracked 
| 147|0x00000005cd800000, 0x00000005ce000000, 0x00000005ce000000|100%| O|  |TAMS 0x00000005ce000000, 0x00000005cd800000| Untracked 
| 148|0x00000005ce000000, 0x00000005ce800000, 0x00000005ce800000|100%| O|  |TAMS 0x00000005ce800000, 0x00000005ce000000| Untracked 
| 149|0x00000005ce800000, 0x00000005cf000000, 0x00000005cf000000|100%| O|  |TAMS 0x00000005cf000000, 0x00000005ce800000| Untracked 
| 150|0x00000005cf000000, 0x00000005cf800000, 0x00000005cf800000|100%| O|  |TAMS 0x00000005cf800000, 0x00000005cf000000| Untracked 
| 151|0x00000005cf800000, 0x00000005d0000000, 0x00000005d0000000|100%| O|  |TAMS 0x00000005d0000000, 0x00000005cf800000| Untracked 
| 152|0x00000005d0000000, 0x00000005d0800000, 0x00000005d0800000|100%| O|  |TAMS 0x00000005d0800000, 0x00000005d0000000| Untracked 
| 153|0x00000005d0800000, 0x00000005d1000000, 0x00000005d1000000|100%| O|  |TAMS 0x00000005d1000000, 0x00000005d0800000| Untracked 
| 154|0x00000005d1000000, 0x00000005d1800000, 0x00000005d1800000|100%| O|  |TAMS 0x00000005d1800000, 0x00000005d1000000| Untracked 
| 155|0x00000005d1800000, 0x00000005d2000000, 0x00000005d2000000|100%| O|  |TAMS 0x00000005d2000000, 0x00000005d1800000| Untracked 
| 156|0x00000005d2000000, 0x00000005d2800000, 0x00000005d2800000|100%| O|  |TAMS 0x00000005d2800000, 0x00000005d2000000| Untracked 
| 157|0x00000005d2800000, 0x00000005d3000000, 0x00000005d3000000|100%| O|  |TAMS 0x00000005d3000000, 0x00000005d2800000| Untracked 
| 158|0x00000005d3000000, 0x00000005d3800000, 0x00000005d3800000|100%| O|  |TAMS 0x00000005d3800000, 0x00000005d3000000| Untracked 
| 159|0x00000005d3800000, 0x00000005d4000000, 0x00000005d4000000|100%| O|  |TAMS 0x00000005d4000000, 0x00000005d3800000| Untracked 
| 160|0x00000005d4000000, 0x00000005d4800000, 0x00000005d4800000|100%| O|  |TAMS 0x00000005d4800000, 0x00000005d4000000| Untracked 
| 161|0x00000005d4800000, 0x00000005d5000000, 0x00000005d5000000|100%| O|  |TAMS 0x00000005d5000000, 0x00000005d4800000| Untracked 
| 162|0x00000005d5000000, 0x00000005d5800000, 0x00000005d5800000|100%| O|  |TAMS 0x00000005d5800000, 0x00000005d5000000| Untracked 
| 163|0x00000005d5800000, 0x00000005d6000000, 0x00000005d6000000|100%| O|  |TAMS 0x00000005d6000000, 0x00000005d5800000| Untracked 
| 164|0x00000005d6000000, 0x00000005d6800000, 0x00000005d6800000|100%| O|  |TAMS 0x00000005d6800000, 0x00000005d6000000| Untracked 
| 165|0x00000005d6800000, 0x00000005d7000000, 0x00000005d7000000|100%| O|  |TAMS 0x00000005d7000000, 0x00000005d6800000| Untracked 
| 166|0x00000005d7000000, 0x00000005d7800000, 0x00000005d7800000|100%| O|  |TAMS 0x00000005d7800000, 0x00000005d7000000| Untracked 
| 167|0x00000005d7800000, 0x00000005d8000000, 0x00000005d8000000|100%| O|  |TAMS 0x00000005d8000000, 0x00000005d7800000| Untracked 
| 168|0x00000005d8000000, 0x00000005d8800000, 0x00000005d8800000|100%| O|  |TAMS 0x00000005d8800000, 0x00000005d8000000| Untracked 
| 169|0x00000005d8800000, 0x00000005d9000000, 0x00000005d9000000|100%| O|  |TAMS 0x00000005d9000000, 0x00000005d8800000| Untracked 
| 170|0x00000005d9000000, 0x00000005d9800000, 0x00000005d9800000|100%| O|  |TAMS 0x00000005d9800000, 0x00000005d9000000| Untracked 
| 171|0x00000005d9800000, 0x00000005da000000, 0x00000005da000000|100%| O|  |TAMS 0x00000005da000000, 0x00000005d9800000| Untracked 
| 172|0x00000005da000000, 0x00000005da800000, 0x00000005da800000|100%| O|  |TAMS 0x00000005da800000, 0x00000005da000000| Untracked 
| 173|0x00000005da800000, 0x00000005db000000, 0x00000005db000000|100%| O|  |TAMS 0x00000005db000000, 0x00000005da800000| Untracked 
| 174|0x00000005db000000, 0x00000005db800000, 0x00000005db800000|100%| O|  |TAMS 0x00000005db800000, 0x00000005db000000| Untracked 
| 175|0x00000005db800000, 0x00000005dc000000, 0x00000005dc000000|100%| O|  |TAMS 0x00000005dc000000, 0x00000005db800000| Untracked 
| 176|0x00000005dc000000, 0x00000005dc800000, 0x00000005dc800000|100%| O|  |TAMS 0x00000005dc800000, 0x00000005dc000000| Untracked 
| 177|0x00000005dc800000, 0x00000005dd000000, 0x00000005dd000000|100%| O|  |TAMS 0x00000005dd000000, 0x00000005dc800000| Untracked 
| 178|0x00000005dd000000, 0x00000005dd800000, 0x00000005dd800000|100%| O|  |TAMS 0x00000005dd800000, 0x00000005dd000000| Untracked 
| 179|0x00000005dd800000, 0x00000005de000000, 0x00000005de000000|100%| O|  |TAMS 0x00000005de000000, 0x00000005dd800000| Untracked 
| 180|0x00000005de000000, 0x00000005de800000, 0x00000005de800000|100%| O|  |TAMS 0x00000005de800000, 0x00000005de000000| Untracked 
| 181|0x00000005de800000, 0x00000005df000000, 0x00000005df000000|100%| O|  |TAMS 0x00000005df000000, 0x00000005de800000| Untracked 
| 182|0x00000005df000000, 0x00000005df800000, 0x00000005df800000|100%| O|  |TAMS 0x00000005df800000, 0x00000005df000000| Untracked 
| 183|0x00000005df800000, 0x00000005e0000000, 0x00000005e0000000|100%| O|  |TAMS 0x00000005e0000000, 0x00000005df800000| Untracked 
| 184|0x00000005e0000000, 0x00000005e0800000, 0x00000005e0800000|100%| O|  |TAMS 0x00000005e0800000, 0x00000005e0000000| Untracked 
| 185|0x00000005e0800000, 0x00000005e1000000, 0x00000005e1000000|100%| O|  |TAMS 0x00000005e1000000, 0x00000005e0800000| Untracked 
| 186|0x00000005e1000000, 0x00000005e1800000, 0x00000005e1800000|100%| O|  |TAMS 0x00000005e1800000, 0x00000005e1000000| Untracked 
| 187|0x00000005e1800000, 0x00000005e2000000, 0x00000005e2000000|100%| O|  |TAMS 0x00000005e2000000, 0x00000005e1800000| Untracked 
| 188|0x00000005e2000000, 0x00000005e2800000, 0x00000005e2800000|100%| O|  |TAMS 0x00000005e2800000, 0x00000005e2000000| Untracked 
| 189|0x00000005e2800000, 0x00000005e3000000, 0x00000005e3000000|100%| O|  |TAMS 0x00000005e3000000, 0x00000005e2800000| Untracked 
| 190|0x00000005e3000000, 0x00000005e3800000, 0x00000005e3800000|100%| O|  |TAMS 0x00000005e3800000, 0x00000005e3000000| Untracked 
| 191|0x00000005e3800000, 0x00000005e4000000, 0x00000005e4000000|100%| O|  |TAMS 0x00000005e4000000, 0x00000005e3800000| Untracked 
| 192|0x00000005e4000000, 0x00000005e4800000, 0x00000005e4800000|100%| O|  |TAMS 0x00000005e4800000, 0x00000005e4000000| Untracked 
| 193|0x00000005e4800000, 0x00000005e5000000, 0x00000005e5000000|100%| O|  |TAMS 0x00000005e5000000, 0x00000005e4800000| Untracked 
| 194|0x00000005e5000000, 0x00000005e5800000, 0x00000005e5800000|100%| O|  |TAMS 0x00000005e5800000, 0x00000005e5000000| Untracked 
| 195|0x00000005e5800000, 0x00000005e6000000, 0x00000005e6000000|100%| O|  |TAMS 0x00000005e6000000, 0x00000005e5800000| Untracked 
| 196|0x00000005e6000000, 0x00000005e6800000, 0x00000005e6800000|100%| O|  |TAMS 0x00000005e6800000, 0x00000005e6000000| Untracked 
| 197|0x00000005e6800000, 0x00000005e7000000, 0x00000005e7000000|100%| O|  |TAMS 0x00000005e7000000, 0x00000005e6800000| Untracked 
| 198|0x00000005e7000000, 0x00000005e7800000, 0x00000005e7800000|100%| O|  |TAMS 0x00000005e7800000, 0x00000005e7000000| Untracked 
| 199|0x00000005e7800000, 0x00000005e8000000, 0x00000005e8000000|100%| O|  |TAMS 0x00000005e8000000, 0x00000005e7800000| Untracked 
| 200|0x00000005e8000000, 0x00000005e8800000, 0x00000005e8800000|100%| O|  |TAMS 0x00000005e8800000, 0x00000005e8000000| Untracked 
| 201|0x00000005e8800000, 0x00000005e9000000, 0x00000005e9000000|100%| O|  |TAMS 0x00000005e9000000, 0x00000005e8800000| Untracked 
| 202|0x00000005e9000000, 0x00000005e9800000, 0x00000005e9800000|100%| O|  |TAMS 0x00000005e9800000, 0x00000005e9000000| Untracked 
| 203|0x00000005e9800000, 0x00000005ea000000, 0x00000005ea000000|100%| O|  |TAMS 0x00000005ea000000, 0x00000005e9800000| Untracked 
| 204|0x00000005ea000000, 0x00000005ea800000, 0x00000005ea800000|100%| O|  |TAMS 0x00000005ea800000, 0x00000005ea000000| Untracked 
| 205|0x00000005ea800000, 0x00000005eb000000, 0x00000005eb000000|100%| O|  |TAMS 0x00000005eb000000, 0x00000005ea800000| Untracked 
| 206|0x00000005eb000000, 0x00000005eb800000, 0x00000005eb800000|100%| O|  |TAMS 0x00000005eb800000, 0x00000005eb000000| Untracked 
| 207|0x00000005eb800000, 0x00000005ec000000, 0x00000005ec000000|100%| O|  |TAMS 0x00000005ec000000, 0x00000005eb800000| Untracked 
| 208|0x00000005ec000000, 0x00000005ec800000, 0x00000005ec800000|100%| O|  |TAMS 0x00000005ec800000, 0x00000005ec000000| Untracked 
| 209|0x00000005ec800000, 0x00000005ed000000, 0x00000005ed000000|100%| O|  |TAMS 0x00000005ed000000, 0x00000005ec800000| Untracked 
| 210|0x00000005ed000000, 0x00000005ed800000, 0x00000005ed800000|100%| O|  |TAMS 0x00000005ed800000, 0x00000005ed000000| Untracked 
| 211|0x00000005ed800000, 0x00000005ee000000, 0x00000005ee000000|100%| O|  |TAMS 0x00000005ee000000, 0x00000005ed800000| Untracked 
| 212|0x00000005ee000000, 0x00000005ee800000, 0x00000005ee800000|100%| O|  |TAMS 0x00000005ee800000, 0x00000005ee000000| Untracked 
| 213|0x00000005ee800000, 0x00000005ef000000, 0x00000005ef000000|100%| O|  |TAMS 0x00000005ef000000, 0x00000005ee800000| Untracked 
| 214|0x00000005ef000000, 0x00000005ef800000, 0x00000005ef800000|100%| O|  |TAMS 0x00000005ef800000, 0x00000005ef000000| Untracked 
| 215|0x00000005ef800000, 0x00000005f0000000, 0x00000005f0000000|100%| O|  |TAMS 0x00000005f0000000, 0x00000005ef800000| Untracked 
| 216|0x00000005f0000000, 0x00000005f0800000, 0x00000005f0800000|100%| O|  |TAMS 0x00000005f0800000, 0x00000005f0000000| Untracked 
| 217|0x00000005f0800000, 0x00000005f1000000, 0x00000005f1000000|100%| O|  |TAMS 0x00000005f1000000, 0x00000005f0800000| Untracked 
| 218|0x00000005f1000000, 0x00000005f1800000, 0x00000005f1800000|100%| O|  |TAMS 0x00000005f1800000, 0x00000005f1000000| Untracked 
| 219|0x00000005f1800000, 0x00000005f2000000, 0x00000005f2000000|100%| O|  |TAMS 0x00000005f2000000, 0x00000005f1800000| Untracked 
| 220|0x00000005f2000000, 0x00000005f2800000, 0x00000005f2800000|100%| O|  |TAMS 0x00000005f2800000, 0x00000005f2000000| Untracked 
| 221|0x00000005f2800000, 0x00000005f3000000, 0x00000005f3000000|100%| O|  |TAMS 0x00000005f3000000, 0x00000005f2800000| Untracked 
| 222|0x00000005f3000000, 0x00000005f3800000, 0x00000005f3800000|100%| O|  |TAMS 0x00000005f3800000, 0x00000005f3000000| Untracked 
| 223|0x00000005f3800000, 0x00000005f4000000, 0x00000005f4000000|100%| O|  |TAMS 0x00000005f4000000, 0x00000005f3800000| Untracked 
| 224|0x00000005f4000000, 0x00000005f4800000, 0x00000005f4800000|100%| O|  |TAMS 0x00000005f4800000, 0x00000005f4000000| Untracked 
| 225|0x00000005f4800000, 0x00000005f5000000, 0x00000005f5000000|100%| O|  |TAMS 0x00000005f5000000, 0x00000005f4800000| Untracked 
| 226|0x00000005f5000000, 0x00000005f5800000, 0x00000005f5800000|100%| O|  |TAMS 0x00000005f5800000, 0x00000005f5000000| Untracked 
| 227|0x00000005f5800000, 0x00000005f6000000, 0x00000005f6000000|100%| O|  |TAMS 0x00000005f6000000, 0x00000005f5800000| Untracked 
| 228|0x00000005f6000000, 0x00000005f6800000, 0x00000005f6800000|100%| O|  |TAMS 0x00000005f6800000, 0x00000005f6000000| Untracked 
| 229|0x00000005f6800000, 0x00000005f7000000, 0x00000005f7000000|100%| O|  |TAMS 0x00000005f7000000, 0x00000005f6800000| Untracked 
| 230|0x00000005f7000000, 0x00000005f7800000, 0x00000005f7800000|100%| O|  |TAMS 0x00000005f7800000, 0x00000005f7000000| Untracked 
| 231|0x00000005f7800000, 0x00000005f8000000, 0x00000005f8000000|100%| O|  |TAMS 0x00000005f8000000, 0x00000005f7800000| Untracked 
| 232|0x00000005f8000000, 0x00000005f8800000, 0x00000005f8800000|100%| O|  |TAMS 0x00000005f8800000, 0x00000005f8000000| Untracked 
| 233|0x00000005f8800000, 0x00000005f9000000, 0x00000005f9000000|100%| O|  |TAMS 0x00000005f9000000, 0x00000005f8800000| Untracked 
| 234|0x00000005f9000000, 0x00000005f9800000, 0x00000005f9800000|100%| O|  |TAMS 0x00000005f9800000, 0x00000005f9000000| Untracked 
| 235|0x00000005f9800000, 0x00000005fa000000, 0x00000005fa000000|100%| O|  |TAMS 0x00000005fa000000, 0x00000005f9800000| Untracked 
| 236|0x00000005fa000000, 0x00000005fa800000, 0x00000005fa800000|100%| O|  |TAMS 0x00000005fa800000, 0x00000005fa000000| Untracked 
| 237|0x00000005fa800000, 0x00000005fb000000, 0x00000005fb000000|100%| O|  |TAMS 0x00000005fb000000, 0x00000005fa800000| Untracked 
| 238|0x00000005fb000000, 0x00000005fb800000, 0x00000005fb800000|100%| O|  |TAMS 0x00000005fb800000, 0x00000005fb000000| Untracked 
| 239|0x00000005fb800000, 0x00000005fc000000, 0x00000005fc000000|100%| O|  |TAMS 0x00000005fc000000, 0x00000005fb800000| Untracked 
| 240|0x00000005fc000000, 0x00000005fc800000, 0x00000005fc800000|100%| O|  |TAMS 0x00000005fc800000, 0x00000005fc000000| Untracked 
| 241|0x00000005fc800000, 0x00000005fd000000, 0x00000005fd000000|100%| O|  |TAMS 0x00000005fd000000, 0x00000005fc800000| Untracked 
| 242|0x00000005fd000000, 0x00000005fd800000, 0x00000005fd800000|100%| O|  |TAMS 0x00000005fd800000, 0x00000005fd000000| Untracked 
| 243|0x00000005fd800000, 0x00000005fe000000, 0x00000005fe000000|100%| O|  |TAMS 0x00000005fe000000, 0x00000005fd800000| Untracked 
| 244|0x00000005fe000000, 0x00000005fe800000, 0x00000005fe800000|100%| O|  |TAMS 0x00000005fe800000, 0x00000005fe000000| Untracked 
| 245|0x00000005fe800000, 0x00000005ff000000, 0x00000005ff000000|100%| O|  |TAMS 0x00000005ff000000, 0x00000005fe800000| Untracked 
| 246|0x00000005ff000000, 0x00000005ff800000, 0x00000005ff800000|100%| O|  |TAMS 0x00000005ff800000, 0x00000005ff000000| Untracked 
| 247|0x00000005ff800000, 0x0000000600000000, 0x0000000600000000|100%| O|  |TAMS 0x0000000600000000, 0x00000005ff800000| Untracked 
| 248|0x0000000600000000, 0x0000000600800000, 0x0000000600800000|100%| O|  |TAMS 0x0000000600800000, 0x0000000600000000| Untracked 
| 249|0x0000000600800000, 0x0000000601000000, 0x0000000601000000|100%| O|  |TAMS 0x0000000601000000, 0x0000000600800000| Untracked 
| 250|0x0000000601000000, 0x0000000601800000, 0x0000000601800000|100%| O|  |TAMS 0x0000000601800000, 0x0000000601000000| Untracked 
| 251|0x0000000601800000, 0x0000000602000000, 0x0000000602000000|100%| O|  |TAMS 0x0000000602000000, 0x0000000601800000| Untracked 
| 252|0x0000000602000000, 0x0000000602800000, 0x0000000602800000|100%| O|  |TAMS 0x0000000602800000, 0x0000000602000000| Untracked 
| 253|0x0000000602800000, 0x0000000603000000, 0x0000000603000000|100%| O|  |TAMS 0x0000000603000000, 0x0000000602800000| Untracked 
| 254|0x0000000603000000, 0x0000000603800000, 0x0000000603800000|100%| O|  |TAMS 0x0000000603800000, 0x0000000603000000| Untracked 
| 255|0x0000000603800000, 0x0000000604000000, 0x0000000604000000|100%| O|  |TAMS 0x0000000604000000, 0x0000000603800000| Untracked 
| 256|0x0000000604000000, 0x0000000604800000, 0x0000000604800000|100%| O|  |TAMS 0x0000000604800000, 0x0000000604000000| Untracked 
| 257|0x0000000604800000, 0x0000000605000000, 0x0000000605000000|100%| O|  |TAMS 0x0000000605000000, 0x0000000604800000| Untracked 
| 258|0x0000000605000000, 0x0000000605800000, 0x0000000605800000|100%| O|  |TAMS 0x0000000605800000, 0x0000000605000000| Untracked 
| 259|0x0000000605800000, 0x0000000606000000, 0x0000000606000000|100%| O|  |TAMS 0x0000000606000000, 0x0000000605800000| Untracked 
| 260|0x0000000606000000, 0x0000000606800000, 0x0000000606800000|100%| O|  |TAMS 0x0000000606800000, 0x0000000606000000| Untracked 
| 261|0x0000000606800000, 0x0000000607000000, 0x0000000607000000|100%| O|  |TAMS 0x0000000607000000, 0x0000000606800000| Untracked 
| 262|0x0000000607000000, 0x0000000607800000, 0x0000000607800000|100%| O|  |TAMS 0x0000000607800000, 0x0000000607000000| Untracked 
| 263|0x0000000607800000, 0x0000000608000000, 0x0000000608000000|100%| O|  |TAMS 0x0000000608000000, 0x0000000607800000| Untracked 
| 264|0x0000000608000000, 0x0000000608800000, 0x0000000608800000|100%| O|  |TAMS 0x0000000608800000, 0x0000000608000000| Untracked 
| 265|0x0000000608800000, 0x0000000609000000, 0x0000000609000000|100%| O|  |TAMS 0x0000000609000000, 0x0000000608800000| Untracked 
| 266|0x0000000609000000, 0x0000000609800000, 0x0000000609800000|100%| O|  |TAMS 0x0000000609800000, 0x0000000609000000| Untracked 
| 267|0x0000000609800000, 0x000000060a000000, 0x000000060a000000|100%| O|  |TAMS 0x000000060a000000, 0x0000000609800000| Untracked 
| 268|0x000000060a000000, 0x000000060a800000, 0x000000060a800000|100%| O|  |TAMS 0x000000060a800000, 0x000000060a000000| Untracked 
| 269|0x000000060a800000, 0x000000060b000000, 0x000000060b000000|100%| O|  |TAMS 0x000000060b000000, 0x000000060a800000| Untracked 
| 270|0x000000060b000000, 0x000000060b800000, 0x000000060b800000|100%| O|  |TAMS 0x000000060b800000, 0x000000060b000000| Untracked 
| 271|0x000000060b800000, 0x000000060c000000, 0x000000060c000000|100%| O|  |TAMS 0x000000060c000000, 0x000000060b800000| Untracked 
| 272|0x000000060c000000, 0x000000060c800000, 0x000000060c800000|100%| O|  |TAMS 0x000000060c800000, 0x000000060c000000| Untracked 
| 273|0x000000060c800000, 0x000000060d000000, 0x000000060d000000|100%| O|  |TAMS 0x000000060d000000, 0x000000060c800000| Untracked 
| 274|0x000000060d000000, 0x000000060d800000, 0x000000060d800000|100%| O|  |TAMS 0x000000060d800000, 0x000000060d000000| Untracked 
| 275|0x000000060d800000, 0x000000060e000000, 0x000000060e000000|100%| O|  |TAMS 0x000000060e000000, 0x000000060d800000| Untracked 
| 276|0x000000060e000000, 0x000000060e800000, 0x000000060e800000|100%| O|  |TAMS 0x000000060e800000, 0x000000060e000000| Untracked 
| 277|0x000000060e800000, 0x000000060f000000, 0x000000060f000000|100%| O|  |TAMS 0x000000060f000000, 0x000000060e800000| Untracked 
| 278|0x000000060f000000, 0x000000060f800000, 0x000000060f800000|100%| O|  |TAMS 0x000000060f800000, 0x000000060f000000| Untracked 
| 279|0x000000060f800000, 0x0000000610000000, 0x0000000610000000|100%| O|  |TAMS 0x0000000610000000, 0x000000060f800000| Untracked 
| 280|0x0000000610000000, 0x0000000610800000, 0x0000000610800000|100%| O|  |TAMS 0x0000000610800000, 0x0000000610000000| Untracked 
| 281|0x0000000610800000, 0x0000000611000000, 0x0000000611000000|100%| O|  |TAMS 0x0000000611000000, 0x0000000610800000| Untracked 
| 282|0x0000000611000000, 0x0000000611800000, 0x0000000611800000|100%| O|  |TAMS 0x0000000611800000, 0x0000000611000000| Untracked 
| 283|0x0000000611800000, 0x0000000612000000, 0x0000000612000000|100%| O|  |TAMS 0x0000000612000000, 0x0000000611800000| Untracked 
| 284|0x0000000612000000, 0x0000000612800000, 0x0000000612800000|100%| O|  |TAMS 0x0000000612800000, 0x0000000612000000| Untracked 
| 285|0x0000000612800000, 0x0000000613000000, 0x0000000613000000|100%| O|  |TAMS 0x0000000613000000, 0x0000000612800000| Untracked 
| 286|0x0000000613000000, 0x0000000613800000, 0x0000000613800000|100%| O|  |TAMS 0x0000000613800000, 0x0000000613000000| Untracked 
| 287|0x0000000613800000, 0x0000000614000000, 0x0000000614000000|100%| O|  |TAMS 0x0000000614000000, 0x0000000613800000| Untracked 
| 288|0x0000000614000000, 0x0000000614000000, 0x0000000614800000|  0%| F|  |TAMS 0x0000000614000000, 0x0000000614000000| Untracked 
| 289|0x0000000614800000, 0x0000000615000000, 0x0000000615000000|100%| O|  |TAMS 0x0000000615000000, 0x0000000614800000| Untracked 
| 290|0x0000000615000000, 0x0000000615800000, 0x0000000615800000|100%| O|  |TAMS 0x0000000615800000, 0x0000000615000000| Untracked 
| 291|0x0000000615800000, 0x0000000616000000, 0x0000000616000000|100%| O|  |TAMS 0x0000000616000000, 0x0000000615800000| Untracked 
| 292|0x0000000616000000, 0x0000000616800000, 0x0000000616800000|100%| O|  |TAMS 0x0000000616800000, 0x0000000616000000| Untracked 
| 293|0x0000000616800000, 0x0000000617000000, 0x0000000617000000|100%| O|  |TAMS 0x0000000617000000, 0x0000000616800000| Untracked 
| 294|0x0000000617000000, 0x0000000617800000, 0x0000000617800000|100%| O|  |TAMS 0x0000000617800000, 0x0000000617000000| Untracked 
| 295|0x0000000617800000, 0x0000000618000000, 0x0000000618000000|100%| O|  |TAMS 0x0000000618000000, 0x0000000617800000| Untracked 
| 296|0x0000000618000000, 0x0000000618800000, 0x0000000618800000|100%| O|  |TAMS 0x0000000618800000, 0x0000000618000000| Untracked 
| 297|0x0000000618800000, 0x0000000619000000, 0x0000000619000000|100%| O|  |TAMS 0x0000000619000000, 0x0000000618800000| Untracked 
| 298|0x0000000619000000, 0x0000000619800000, 0x0000000619800000|100%| O|  |TAMS 0x0000000619800000, 0x0000000619000000| Untracked 
| 299|0x0000000619800000, 0x000000061a000000, 0x000000061a000000|100%| O|  |TAMS 0x000000061a000000, 0x0000000619800000| Untracked 
| 300|0x000000061a000000, 0x000000061a800000, 0x000000061a800000|100%| O|  |TAMS 0x000000061a800000, 0x000000061a000000| Untracked 
| 301|0x000000061a800000, 0x000000061b000000, 0x000000061b000000|100%| O|  |TAMS 0x000000061b000000, 0x000000061a800000| Untracked 
| 302|0x000000061b000000, 0x000000061b800000, 0x000000061b800000|100%| O|  |TAMS 0x000000061b800000, 0x000000061b000000| Untracked 
| 303|0x000000061b800000, 0x000000061c000000, 0x000000061c000000|100%|HS|  |TAMS 0x000000061c000000, 0x000000061b800000| Complete 
| 304|0x000000061c000000, 0x000000061c800000, 0x000000061c800000|100%|HS|  |TAMS 0x000000061c800000, 0x000000061c000000| Complete 
| 305|0x000000061c800000, 0x000000061d000000, 0x000000061d000000|100%| O|  |TAMS 0x000000061d000000, 0x000000061c800000| Untracked 
| 306|0x000000061d000000, 0x000000061d800000, 0x000000061d800000|100%| O|  |TAMS 0x000000061d800000, 0x000000061d000000| Untracked 
| 307|0x000000061d800000, 0x000000061e000000, 0x000000061e000000|100%| O|  |TAMS 0x000000061e000000, 0x000000061d800000| Untracked 
| 308|0x000000061e000000, 0x000000061e800000, 0x000000061e800000|100%|HS|  |TAMS 0x000000061e800000, 0x000000061e000000| Complete 
| 309|0x000000061e800000, 0x000000061f000000, 0x000000061f000000|100%| O|  |TAMS 0x000000061f000000, 0x000000061e800000| Untracked 
| 310|0x000000061f000000, 0x000000061f800000, 0x000000061f800000|100%|HS|  |TAMS 0x000000061f800000, 0x000000061f000000| Complete 
| 311|0x000000061f800000, 0x0000000620000000, 0x0000000620000000|100%| O|  |TAMS 0x0000000620000000, 0x000000061f800000| Untracked 
| 312|0x0000000620000000, 0x0000000620800000, 0x0000000620800000|100%|HS|  |TAMS 0x0000000620800000, 0x0000000620000000| Complete 
| 313|0x0000000620800000, 0x0000000621000000, 0x0000000621000000|100%| O|  |TAMS 0x0000000621000000, 0x0000000620800000| Untracked 
| 314|0x0000000621000000, 0x0000000621800000, 0x0000000621800000|100%| O|  |TAMS 0x0000000621800000, 0x0000000621000000| Untracked 
| 315|0x0000000621800000, 0x0000000622000000, 0x0000000622000000|100%| O|  |TAMS 0x0000000622000000, 0x0000000621800000| Untracked 
| 316|0x0000000622000000, 0x0000000622800000, 0x0000000622800000|100%| O|  |TAMS 0x0000000622800000, 0x0000000622000000| Untracked 
| 317|0x0000000622800000, 0x0000000623000000, 0x0000000623000000|100%| O|  |TAMS 0x0000000623000000, 0x0000000622800000| Untracked 
| 318|0x0000000623000000, 0x0000000623800000, 0x0000000623800000|100%| O|  |TAMS 0x0000000623800000, 0x0000000623000000| Untracked 
| 319|0x0000000623800000, 0x0000000624000000, 0x0000000624000000|100%| O|  |TAMS 0x0000000624000000, 0x0000000623800000| Untracked 
| 320|0x0000000624000000, 0x0000000624800000, 0x0000000624800000|100%| O|  |TAMS 0x0000000624800000, 0x0000000624000000| Untracked 
| 321|0x0000000624800000, 0x0000000625000000, 0x0000000625000000|100%| O|  |TAMS 0x0000000625000000, 0x0000000624800000| Untracked 
| 322|0x0000000625000000, 0x0000000625800000, 0x0000000625800000|100%| O|  |TAMS 0x0000000625800000, 0x0000000625000000| Untracked 
| 323|0x0000000625800000, 0x0000000626000000, 0x0000000626000000|100%| O|  |TAMS 0x0000000626000000, 0x0000000625800000| Untracked 
| 324|0x0000000626000000, 0x0000000626800000, 0x0000000626800000|100%| O|  |TAMS 0x0000000626800000, 0x0000000626000000| Untracked 
| 325|0x0000000626800000, 0x0000000627000000, 0x0000000627000000|100%| O|  |TAMS 0x0000000627000000, 0x0000000626800000| Untracked 
| 326|0x0000000627000000, 0x0000000627800000, 0x0000000627800000|100%| O|  |TAMS 0x0000000627800000, 0x0000000627000000| Untracked 
| 327|0x0000000627800000, 0x0000000628000000, 0x0000000628000000|100%| O|  |TAMS 0x0000000628000000, 0x0000000627800000| Untracked 
| 328|0x0000000628000000, 0x0000000628800000, 0x0000000628800000|100%| O|  |TAMS 0x0000000628800000, 0x0000000628000000| Untracked 
| 329|0x0000000628800000, 0x0000000629000000, 0x0000000629000000|100%| O|  |TAMS 0x0000000629000000, 0x0000000628800000| Untracked 
| 330|0x0000000629000000, 0x0000000629800000, 0x0000000629800000|100%| O|  |TAMS 0x0000000629800000, 0x0000000629000000| Untracked 
| 331|0x0000000629800000, 0x000000062a000000, 0x000000062a000000|100%| O|  |TAMS 0x0000000629800000, 0x0000000629800000| Untracked 
| 332|0x000000062a000000, 0x000000062a800000, 0x000000062a800000|100%| O|  |TAMS 0x000000062a800000, 0x000000062a000000| Untracked 
| 333|0x000000062a800000, 0x000000062b000000, 0x000000062b000000|100%|HS|  |TAMS 0x000000062b000000, 0x000000062a800000| Complete 
| 334|0x000000062b000000, 0x000000062b800000, 0x000000062b800000|100%| O|  |TAMS 0x000000062b800000, 0x000000062b000000| Untracked 
| 335|0x000000062b800000, 0x000000062b800000, 0x000000062c000000|  0%| F|  |TAMS 0x000000062b800000, 0x000000062b800000| Untracked 
| 336|0x000000062c000000, 0x000000062c800000, 0x000000062c800000|100%| O|  |TAMS 0x000000062c800000, 0x000000062c000000| Untracked 
| 337|0x000000062c800000, 0x000000062d000000, 0x000000062d000000|100%| O|  |TAMS 0x000000062d000000, 0x000000062c800000| Untracked 
| 338|0x000000062d000000, 0x000000062d800000, 0x000000062d800000|100%| O|  |TAMS 0x000000062d800000, 0x000000062d000000| Untracked 
| 339|0x000000062d800000, 0x000000062e000000, 0x000000062e000000|100%| O|  |TAMS 0x000000062e000000, 0x000000062d800000| Untracked 
| 340|0x000000062e000000, 0x000000062e800000, 0x000000062e800000|100%| O|  |TAMS 0x000000062e800000, 0x000000062e000000| Untracked 
| 341|0x000000062e800000, 0x000000062f000000, 0x000000062f000000|100%| O|  |TAMS 0x000000062f000000, 0x000000062e800000| Untracked 
| 342|0x000000062f000000, 0x000000062f800000, 0x000000062f800000|100%|HS|  |TAMS 0x000000062f800000, 0x000000062f000000| Complete 
| 343|0x000000062f800000, 0x0000000630000000, 0x0000000630000000|100%|HC|  |TAMS 0x0000000630000000, 0x000000062f800000| Complete 
| 344|0x0000000630000000, 0x0000000630800000, 0x0000000630800000|100%| O|  |TAMS 0x0000000630800000, 0x0000000630000000| Untracked 
| 345|0x0000000630800000, 0x0000000631000000, 0x0000000631000000|100%| O|  |TAMS 0x0000000631000000, 0x0000000630800000| Untracked 
| 346|0x0000000631000000, 0x0000000631800000, 0x0000000631800000|100%| O|  |TAMS 0x0000000631800000, 0x0000000631000000| Untracked 
| 347|0x0000000631800000, 0x0000000632000000, 0x0000000632000000|100%| O|  |TAMS 0x0000000632000000, 0x0000000631800000| Untracked 
| 348|0x0000000632000000, 0x0000000632800000, 0x0000000632800000|100%| O|  |TAMS 0x0000000632800000, 0x0000000632000000| Untracked 
| 349|0x0000000632800000, 0x0000000632800000, 0x0000000633000000|  0%| F|  |TAMS 0x0000000632800000, 0x0000000632800000| Untracked 
| 350|0x0000000633000000, 0x0000000633800000, 0x0000000633800000|100%| O|  |TAMS 0x0000000633800000, 0x0000000633000000| Untracked 
| 351|0x0000000633800000, 0x0000000634000000, 0x0000000634000000|100%| O|  |TAMS 0x0000000634000000, 0x0000000633800000| Untracked 
| 352|0x0000000634000000, 0x0000000634800000, 0x0000000634800000|100%| O|  |TAMS 0x0000000634800000, 0x0000000634000000| Untracked 
| 353|0x0000000634800000, 0x0000000635000000, 0x0000000635000000|100%| O|  |TAMS 0x0000000635000000, 0x0000000634800000| Untracked 
| 354|0x0000000635000000, 0x0000000635800000, 0x0000000635800000|100%| O|  |TAMS 0x0000000635800000, 0x0000000635000000| Untracked 
| 355|0x0000000635800000, 0x0000000636000000, 0x0000000636000000|100%| O|  |TAMS 0x0000000636000000, 0x0000000635800000| Untracked 
| 356|0x0000000636000000, 0x0000000636800000, 0x0000000636800000|100%|HS|  |TAMS 0x0000000636800000, 0x0000000636000000| Complete 
| 357|0x0000000636800000, 0x0000000637000000, 0x0000000637000000|100%| O|  |TAMS 0x0000000637000000, 0x0000000636800000| Untracked 
| 358|0x0000000637000000, 0x0000000637800000, 0x0000000637800000|100%| O|  |TAMS 0x0000000637800000, 0x0000000637000000| Untracked 
| 359|0x0000000637800000, 0x0000000638000000, 0x0000000638000000|100%| O|  |TAMS 0x0000000638000000, 0x0000000637800000| Untracked 
| 360|0x0000000638000000, 0x0000000638800000, 0x0000000638800000|100%| O|  |TAMS 0x0000000638800000, 0x0000000638000000| Untracked 
| 361|0x0000000638800000, 0x0000000639000000, 0x0000000639000000|100%| O|  |TAMS 0x0000000639000000, 0x0000000638800000| Untracked 
| 362|0x0000000639000000, 0x0000000639000000, 0x0000000639800000|  0%| F|  |TAMS 0x0000000639000000, 0x0000000639000000| Untracked 
| 363|0x0000000639800000, 0x000000063a000000, 0x000000063a000000|100%| O|  |TAMS 0x000000063a000000, 0x0000000639800000| Untracked 
| 364|0x000000063a000000, 0x000000063a800000, 0x000000063a800000|100%| O|  |TAMS 0x000000063a800000, 0x000000063a000000| Untracked 
| 365|0x000000063a800000, 0x000000063b000000, 0x000000063b000000|100%| O|  |TAMS 0x000000063b000000, 0x000000063a800000| Untracked 
| 366|0x000000063b000000, 0x000000063b800000, 0x000000063b800000|100%| O|  |TAMS 0x000000063b800000, 0x000000063b000000| Untracked 
| 367|0x000000063b800000, 0x000000063c000000, 0x000000063c000000|100%| O|  |TAMS 0x000000063c000000, 0x000000063b800000| Untracked 
| 368|0x000000063c000000, 0x000000063c800000, 0x000000063c800000|100%| O|  |TAMS 0x000000063c800000, 0x000000063c000000| Untracked 
| 369|0x000000063c800000, 0x000000063d000000, 0x000000063d000000|100%| O|  |TAMS 0x000000063d000000, 0x000000063c800000| Untracked 
| 370|0x000000063d000000, 0x000000063d800000, 0x000000063d800000|100%| O|  |TAMS 0x000000063d800000, 0x000000063d000000| Untracked 
| 371|0x000000063d800000, 0x000000063e000000, 0x000000063e000000|100%| O|  |TAMS 0x000000063e000000, 0x000000063d800000| Untracked 
| 372|0x000000063e000000, 0x000000063e800000, 0x000000063e800000|100%| O|  |TAMS 0x000000063e800000, 0x000000063e000000| Untracked 
| 373|0x000000063e800000, 0x000000063f000000, 0x000000063f000000|100%| O|  |TAMS 0x000000063f000000, 0x000000063e800000| Untracked 
| 374|0x000000063f000000, 0x000000063f800000, 0x000000063f800000|100%| O|  |TAMS 0x000000063f800000, 0x000000063f000000| Untracked 
| 375|0x000000063f800000, 0x0000000640000000, 0x0000000640000000|100%| O|  |TAMS 0x0000000640000000, 0x000000063f800000| Untracked 
| 376|0x0000000640000000, 0x0000000640800000, 0x0000000640800000|100%| O|  |TAMS 0x0000000640800000, 0x0000000640000000| Untracked 
| 377|0x0000000640800000, 0x0000000641000000, 0x0000000641000000|100%| O|  |TAMS 0x0000000641000000, 0x0000000640800000| Untracked 
| 378|0x0000000641000000, 0x0000000641800000, 0x0000000641800000|100%| O|  |TAMS 0x0000000641800000, 0x0000000641000000| Untracked 
| 379|0x0000000641800000, 0x0000000642000000, 0x0000000642000000|100%| O|  |TAMS 0x0000000642000000, 0x0000000641800000| Untracked 
| 380|0x0000000642000000, 0x0000000642800000, 0x0000000642800000|100%| O|  |TAMS 0x0000000642000000, 0x0000000642000000| Untracked 
| 381|0x0000000642800000, 0x0000000643000000, 0x0000000643000000|100%| O|  |TAMS 0x0000000643000000, 0x0000000642800000| Untracked 
| 382|0x0000000643000000, 0x0000000643800000, 0x0000000643800000|100%| O|  |TAMS 0x0000000643800000, 0x0000000643000000| Untracked 
| 383|0x0000000643800000, 0x0000000644000000, 0x0000000644000000|100%| O|  |TAMS 0x0000000644000000, 0x0000000643800000| Untracked 
| 384|0x0000000644000000, 0x0000000644800000, 0x0000000644800000|100%| O|  |TAMS 0x0000000644800000, 0x0000000644000000| Untracked 
| 385|0x0000000644800000, 0x0000000645000000, 0x0000000645000000|100%| O|  |TAMS 0x0000000645000000, 0x0000000644800000| Untracked 
| 386|0x0000000645000000, 0x0000000645800000, 0x0000000645800000|100%| O|  |TAMS 0x0000000645800000, 0x0000000645000000| Untracked 
| 387|0x0000000645800000, 0x0000000646000000, 0x0000000646000000|100%| O|  |TAMS 0x0000000646000000, 0x0000000645800000| Untracked 
| 388|0x0000000646000000, 0x0000000646800000, 0x0000000646800000|100%| O|  |TAMS 0x0000000646800000, 0x0000000646000000| Untracked 
| 389|0x0000000646800000, 0x0000000647000000, 0x0000000647000000|100%| O|  |TAMS 0x0000000647000000, 0x0000000646800000| Untracked 
| 390|0x0000000647000000, 0x0000000647800000, 0x0000000647800000|100%| O|  |TAMS 0x0000000647800000, 0x0000000647000000| Untracked 
| 391|0x0000000647800000, 0x0000000648000000, 0x0000000648000000|100%| O|  |TAMS 0x0000000648000000, 0x0000000647800000| Untracked 
| 392|0x0000000648000000, 0x0000000648800000, 0x0000000648800000|100%|HS|  |TAMS 0x0000000648800000, 0x0000000648000000| Complete 
| 393|0x0000000648800000, 0x0000000649000000, 0x0000000649000000|100%| O|  |TAMS 0x0000000649000000, 0x0000000648800000| Untracked 
| 394|0x0000000649000000, 0x0000000649800000, 0x0000000649800000|100%| O|  |TAMS 0x0000000649800000, 0x0000000649000000| Untracked 
| 395|0x0000000649800000, 0x000000064a000000, 0x000000064a000000|100%| O|  |TAMS 0x000000064a000000, 0x0000000649800000| Untracked 
| 396|0x000000064a000000, 0x000000064a800000, 0x000000064a800000|100%| O|  |TAMS 0x000000064a800000, 0x000000064a000000| Untracked 
| 397|0x000000064a800000, 0x000000064b000000, 0x000000064b000000|100%| O|  |TAMS 0x000000064b000000, 0x000000064a800000| Untracked 
| 398|0x000000064b000000, 0x000000064b800000, 0x000000064b800000|100%| O|  |TAMS 0x000000064b800000, 0x000000064b000000| Untracked 
| 399|0x000000064b800000, 0x000000064c000000, 0x000000064c000000|100%|HS|  |TAMS 0x000000064c000000, 0x000000064b800000| Complete 
| 400|0x000000064c000000, 0x000000064c800000, 0x000000064c800000|100%|HS|  |TAMS 0x000000064c800000, 0x000000064c000000| Complete 
| 401|0x000000064c800000, 0x000000064d000000, 0x000000064d000000|100%|HS|  |TAMS 0x000000064d000000, 0x000000064c800000| Complete 
| 402|0x000000064d000000, 0x000000064d800000, 0x000000064d800000|100%| O|  |TAMS 0x000000064d800000, 0x000000064d000000| Untracked 
| 403|0x000000064d800000, 0x000000064e000000, 0x000000064e000000|100%| O|  |TAMS 0x000000064e000000, 0x000000064d800000| Untracked 
| 404|0x000000064e000000, 0x000000064e800000, 0x000000064e800000|100%| O|  |TAMS 0x000000064e800000, 0x000000064e000000| Untracked 
| 405|0x000000064e800000, 0x000000064f000000, 0x000000064f000000|100%| O|  |TAMS 0x000000064f000000, 0x000000064e800000| Untracked 
| 406|0x000000064f000000, 0x000000064f800000, 0x000000064f800000|100%| O|  |TAMS 0x000000064f800000, 0x000000064f000000| Untracked 
| 407|0x000000064f800000, 0x0000000650000000, 0x0000000650000000|100%| O|  |TAMS 0x0000000650000000, 0x000000064f800000| Untracked 
| 408|0x0000000650000000, 0x0000000650800000, 0x0000000650800000|100%| O|  |TAMS 0x0000000650800000, 0x0000000650000000| Untracked 
| 409|0x0000000650800000, 0x0000000651000000, 0x0000000651000000|100%| O|  |TAMS 0x0000000651000000, 0x0000000650800000| Untracked 
| 410|0x0000000651000000, 0x0000000651800000, 0x0000000651800000|100%| O|  |TAMS 0x0000000651800000, 0x0000000651000000| Untracked 
| 411|0x0000000651800000, 0x0000000652000000, 0x0000000652000000|100%| O|  |TAMS 0x0000000652000000, 0x0000000651800000| Untracked 
| 412|0x0000000652000000, 0x0000000652800000, 0x0000000652800000|100%| O|  |TAMS 0x0000000652800000, 0x0000000652000000| Untracked 
| 413|0x0000000652800000, 0x0000000653000000, 0x0000000653000000|100%| O|  |TAMS 0x0000000653000000, 0x0000000652800000| Untracked 
| 414|0x0000000653000000, 0x0000000653800000, 0x0000000653800000|100%| O|  |TAMS 0x0000000653800000, 0x0000000653000000| Untracked 
| 415|0x0000000653800000, 0x0000000654000000, 0x0000000654000000|100%| O|  |TAMS 0x0000000654000000, 0x0000000653800000| Untracked 
| 416|0x0000000654000000, 0x0000000654800000, 0x0000000654800000|100%| O|  |TAMS 0x0000000654800000, 0x0000000654000000| Untracked 
| 417|0x0000000654800000, 0x0000000655000000, 0x0000000655000000|100%| O|  |TAMS 0x0000000655000000, 0x0000000654800000| Untracked 
| 418|0x0000000655000000, 0x0000000655800000, 0x0000000655800000|100%| O|  |TAMS 0x0000000655800000, 0x0000000655000000| Untracked 
| 419|0x0000000655800000, 0x0000000656000000, 0x0000000656000000|100%| O|  |TAMS 0x0000000656000000, 0x0000000655800000| Untracked 
| 420|0x0000000656000000, 0x0000000656800000, 0x0000000656800000|100%| O|  |TAMS 0x0000000656800000, 0x0000000656000000| Untracked 
| 421|0x0000000656800000, 0x0000000657000000, 0x0000000657000000|100%| O|  |TAMS 0x0000000657000000, 0x0000000656800000| Untracked 
| 422|0x0000000657000000, 0x0000000657800000, 0x0000000657800000|100%| O|  |TAMS 0x0000000657800000, 0x0000000657000000| Untracked 
| 423|0x0000000657800000, 0x0000000658000000, 0x0000000658000000|100%| O|  |TAMS 0x0000000658000000, 0x0000000657800000| Untracked 
| 424|0x0000000658000000, 0x0000000658800000, 0x0000000658800000|100%| O|  |TAMS 0x0000000658800000, 0x0000000658000000| Untracked 
| 425|0x0000000658800000, 0x0000000659000000, 0x0000000659000000|100%| O|  |TAMS 0x0000000659000000, 0x0000000658800000| Untracked 
| 426|0x0000000659000000, 0x0000000659800000, 0x0000000659800000|100%| O|  |TAMS 0x0000000659800000, 0x0000000659000000| Untracked 
| 427|0x0000000659800000, 0x000000065a000000, 0x000000065a000000|100%| O|  |TAMS 0x000000065a000000, 0x0000000659800000| Untracked 
| 428|0x000000065a000000, 0x000000065a800000, 0x000000065a800000|100%| O|  |TAMS 0x000000065a800000, 0x000000065a000000| Untracked 
| 429|0x000000065a800000, 0x000000065b000000, 0x000000065b000000|100%| O|  |TAMS 0x000000065b000000, 0x000000065a800000| Untracked 
| 430|0x000000065b000000, 0x000000065b800000, 0x000000065b800000|100%| O|  |TAMS 0x000000065b800000, 0x000000065b000000| Untracked 
| 431|0x000000065b800000, 0x000000065c000000, 0x000000065c000000|100%| O|  |TAMS 0x000000065c000000, 0x000000065b800000| Untracked 
| 432|0x000000065c000000, 0x000000065c800000, 0x000000065c800000|100%| O|  |TAMS 0x000000065c800000, 0x000000065c000000| Untracked 
| 433|0x000000065c800000, 0x000000065d000000, 0x000000065d000000|100%| O|  |TAMS 0x000000065d000000, 0x000000065c800000| Untracked 
| 434|0x000000065d000000, 0x000000065d800000, 0x000000065d800000|100%| O|  |TAMS 0x000000065d800000, 0x000000065d000000| Untracked 
| 435|0x000000065d800000, 0x000000065e000000, 0x000000065e000000|100%| O|  |TAMS 0x000000065e000000, 0x000000065d800000| Untracked 
| 436|0x000000065e000000, 0x000000065e800000, 0x000000065e800000|100%| O|  |TAMS 0x000000065e800000, 0x000000065e000000| Untracked 
| 437|0x000000065e800000, 0x000000065f000000, 0x000000065f000000|100%| O|  |TAMS 0x000000065f000000, 0x000000065e800000| Untracked 
| 438|0x000000065f000000, 0x000000065f800000, 0x000000065f800000|100%| O|  |TAMS 0x000000065f800000, 0x000000065f000000| Untracked 
| 439|0x000000065f800000, 0x0000000660000000, 0x0000000660000000|100%| O|  |TAMS 0x0000000660000000, 0x000000065f800000| Untracked 
| 440|0x0000000660000000, 0x0000000660800000, 0x0000000660800000|100%| O|  |TAMS 0x0000000660800000, 0x0000000660000000| Untracked 
| 441|0x0000000660800000, 0x0000000661000000, 0x0000000661000000|100%| O|  |TAMS 0x0000000661000000, 0x0000000660800000| Untracked 
| 442|0x0000000661000000, 0x0000000661800000, 0x0000000661800000|100%| O|  |TAMS 0x0000000661800000, 0x0000000661000000| Untracked 
| 443|0x0000000661800000, 0x0000000662000000, 0x0000000662000000|100%| O|  |TAMS 0x0000000662000000, 0x0000000661800000| Untracked 
| 444|0x0000000662000000, 0x0000000662800000, 0x0000000662800000|100%| O|  |TAMS 0x0000000662800000, 0x0000000662000000| Untracked 
| 445|0x0000000662800000, 0x0000000663000000, 0x0000000663000000|100%| O|  |TAMS 0x0000000663000000, 0x0000000662800000| Untracked 
| 446|0x0000000663000000, 0x0000000663800000, 0x0000000663800000|100%| O|  |TAMS 0x0000000663800000, 0x0000000663000000| Untracked 
| 447|0x0000000663800000, 0x0000000664000000, 0x0000000664000000|100%| O|  |TAMS 0x0000000664000000, 0x0000000663800000| Untracked 
| 448|0x0000000664000000, 0x0000000664800000, 0x0000000664800000|100%| O|  |TAMS 0x0000000664800000, 0x0000000664000000| Untracked 
| 449|0x0000000664800000, 0x0000000665000000, 0x0000000665000000|100%| O|  |TAMS 0x0000000665000000, 0x0000000664800000| Untracked 
| 450|0x0000000665000000, 0x0000000665800000, 0x0000000665800000|100%| O|  |TAMS 0x0000000665800000, 0x0000000665000000| Untracked 
| 451|0x0000000665800000, 0x0000000666000000, 0x0000000666000000|100%| O|  |TAMS 0x0000000666000000, 0x0000000665800000| Untracked 
| 452|0x0000000666000000, 0x0000000666800000, 0x0000000666800000|100%| O|  |TAMS 0x0000000666800000, 0x0000000666000000| Untracked 
| 453|0x0000000666800000, 0x0000000667000000, 0x0000000667000000|100%| O|  |TAMS 0x0000000667000000, 0x0000000666800000| Untracked 
| 454|0x0000000667000000, 0x0000000667800000, 0x0000000667800000|100%| O|  |TAMS 0x0000000667800000, 0x0000000667000000| Untracked 
| 455|0x0000000667800000, 0x0000000668000000, 0x0000000668000000|100%| O|  |TAMS 0x0000000668000000, 0x0000000667800000| Untracked 
| 456|0x0000000668000000, 0x0000000668800000, 0x0000000668800000|100%| O|  |TAMS 0x0000000668800000, 0x0000000668000000| Untracked 
| 457|0x0000000668800000, 0x0000000669000000, 0x0000000669000000|100%| O|  |TAMS 0x0000000669000000, 0x0000000668800000| Untracked 
| 458|0x0000000669000000, 0x0000000669800000, 0x0000000669800000|100%| O|  |TAMS 0x0000000669800000, 0x0000000669000000| Untracked 
| 459|0x0000000669800000, 0x000000066a000000, 0x000000066a000000|100%| O|  |TAMS 0x000000066a000000, 0x0000000669800000| Untracked 
| 460|0x000000066a000000, 0x000000066a800000, 0x000000066a800000|100%| O|  |TAMS 0x000000066a800000, 0x000000066a000000| Untracked 
| 461|0x000000066a800000, 0x000000066b000000, 0x000000066b000000|100%| O|  |TAMS 0x000000066b000000, 0x000000066a800000| Untracked 
| 462|0x000000066b000000, 0x000000066b800000, 0x000000066b800000|100%| O|  |TAMS 0x000000066b800000, 0x000000066b000000| Untracked 
| 463|0x000000066b800000, 0x000000066c000000, 0x000000066c000000|100%| O|  |TAMS 0x000000066c000000, 0x000000066b800000| Untracked 
| 464|0x000000066c000000, 0x000000066c800000, 0x000000066c800000|100%| O|  |TAMS 0x000000066c800000, 0x000000066c000000| Untracked 
| 465|0x000000066c800000, 0x000000066d000000, 0x000000066d000000|100%| O|  |TAMS 0x000000066d000000, 0x000000066c800000| Untracked 
| 466|0x000000066d000000, 0x000000066d800000, 0x000000066d800000|100%| O|  |TAMS 0x000000066d800000, 0x000000066d000000| Untracked 
| 467|0x000000066d800000, 0x000000066e000000, 0x000000066e000000|100%| O|  |TAMS 0x000000066e000000, 0x000000066d800000| Untracked 
| 468|0x000000066e000000, 0x000000066e800000, 0x000000066e800000|100%| O|  |TAMS 0x000000066e800000, 0x000000066e000000| Untracked 
| 469|0x000000066e800000, 0x000000066f000000, 0x000000066f000000|100%| O|  |TAMS 0x000000066f000000, 0x000000066e800000| Untracked 
| 470|0x000000066f000000, 0x000000066f800000, 0x000000066f800000|100%| O|  |TAMS 0x000000066f800000, 0x000000066f000000| Untracked 
| 471|0x000000066f800000, 0x0000000670000000, 0x0000000670000000|100%| O|  |TAMS 0x0000000670000000, 0x000000066f800000| Untracked 
| 472|0x0000000670000000, 0x0000000670800000, 0x0000000670800000|100%| O|  |TAMS 0x0000000670800000, 0x0000000670000000| Untracked 
| 473|0x0000000670800000, 0x0000000671000000, 0x0000000671000000|100%| O|  |TAMS 0x0000000671000000, 0x0000000670800000| Untracked 
| 474|0x0000000671000000, 0x0000000671800000, 0x0000000671800000|100%| O|  |TAMS 0x0000000671800000, 0x0000000671000000| Untracked 
| 475|0x0000000671800000, 0x0000000672000000, 0x0000000672000000|100%| O|  |TAMS 0x0000000672000000, 0x0000000671800000| Untracked 
| 476|0x0000000672000000, 0x0000000672800000, 0x0000000672800000|100%| O|  |TAMS 0x0000000672800000, 0x0000000672000000| Untracked 
| 477|0x0000000672800000, 0x0000000673000000, 0x0000000673000000|100%| O|  |TAMS 0x0000000673000000, 0x0000000672800000| Untracked 
| 478|0x0000000673000000, 0x0000000673800000, 0x0000000673800000|100%| O|  |TAMS 0x0000000673800000, 0x0000000673000000| Untracked 
| 479|0x0000000673800000, 0x0000000674000000, 0x0000000674000000|100%| O|  |TAMS 0x0000000674000000, 0x0000000673800000| Untracked 
| 480|0x0000000674000000, 0x0000000674800000, 0x0000000674800000|100%| O|  |TAMS 0x0000000674800000, 0x0000000674000000| Untracked 
| 481|0x0000000674800000, 0x0000000675000000, 0x0000000675000000|100%| O|  |TAMS 0x0000000675000000, 0x0000000674800000| Untracked 
| 482|0x0000000675000000, 0x0000000675800000, 0x0000000675800000|100%| O|  |TAMS 0x0000000675800000, 0x0000000675000000| Untracked 
| 483|0x0000000675800000, 0x0000000676000000, 0x0000000676000000|100%| O|  |TAMS 0x0000000676000000, 0x0000000675800000| Untracked 
| 484|0x0000000676000000, 0x0000000676800000, 0x0000000676800000|100%| O|  |TAMS 0x0000000676800000, 0x0000000676000000| Untracked 
| 485|0x0000000676800000, 0x0000000677000000, 0x0000000677000000|100%| O|  |TAMS 0x0000000677000000, 0x0000000676800000| Untracked 
| 486|0x0000000677000000, 0x0000000677800000, 0x0000000677800000|100%| O|  |TAMS 0x0000000677800000, 0x0000000677000000| Untracked 
| 487|0x0000000677800000, 0x0000000678000000, 0x0000000678000000|100%| O|  |TAMS 0x0000000678000000, 0x0000000677800000| Untracked 
| 488|0x0000000678000000, 0x0000000678800000, 0x0000000678800000|100%| O|  |TAMS 0x0000000678800000, 0x0000000678000000| Untracked 
| 489|0x0000000678800000, 0x0000000679000000, 0x0000000679000000|100%| O|  |TAMS 0x0000000679000000, 0x0000000678800000| Untracked 
| 490|0x0000000679000000, 0x0000000679800000, 0x0000000679800000|100%| O|  |TAMS 0x0000000679800000, 0x0000000679000000| Untracked 
| 491|0x0000000679800000, 0x000000067a000000, 0x000000067a000000|100%| O|  |TAMS 0x000000067a000000, 0x0000000679800000| Untracked 
| 492|0x000000067a000000, 0x000000067a800000, 0x000000067a800000|100%| O|  |TAMS 0x000000067a800000, 0x000000067a000000| Untracked 
| 493|0x000000067a800000, 0x000000067b000000, 0x000000067b000000|100%| O|  |TAMS 0x000000067b000000, 0x000000067a800000| Untracked 
| 494|0x000000067b000000, 0x000000067b800000, 0x000000067b800000|100%| O|  |TAMS 0x000000067b800000, 0x000000067b000000| Untracked 
| 495|0x000000067b800000, 0x000000067c000000, 0x000000067c000000|100%| O|  |TAMS 0x000000067c000000, 0x000000067b800000| Untracked 
| 496|0x000000067c000000, 0x000000067c800000, 0x000000067c800000|100%| O|  |TAMS 0x000000067c800000, 0x000000067c000000| Untracked 
| 497|0x000000067c800000, 0x000000067d000000, 0x000000067d000000|100%| O|  |TAMS 0x000000067d000000, 0x000000067c800000| Untracked 
| 498|0x000000067d000000, 0x000000067d800000, 0x000000067d800000|100%| O|  |TAMS 0x000000067d800000, 0x000000067d000000| Untracked 
| 499|0x000000067d800000, 0x000000067e000000, 0x000000067e000000|100%| O|  |TAMS 0x000000067e000000, 0x000000067d800000| Untracked 
| 500|0x000000067e000000, 0x000000067e800000, 0x000000067e800000|100%| O|  |TAMS 0x000000067e800000, 0x000000067e000000| Untracked 
| 501|0x000000067e800000, 0x000000067f000000, 0x000000067f000000|100%| O|  |TAMS 0x000000067f000000, 0x000000067e800000| Untracked 
| 502|0x000000067f000000, 0x000000067f800000, 0x000000067f800000|100%| O|  |TAMS 0x000000067f800000, 0x000000067f000000| Untracked 
| 503|0x000000067f800000, 0x0000000680000000, 0x0000000680000000|100%| O|  |TAMS 0x0000000680000000, 0x000000067f800000| Untracked 
| 504|0x0000000680000000, 0x0000000680800000, 0x0000000680800000|100%| O|  |TAMS 0x0000000680800000, 0x0000000680000000| Untracked 
| 505|0x0000000680800000, 0x0000000681000000, 0x0000000681000000|100%| O|  |TAMS 0x0000000681000000, 0x0000000680800000| Untracked 
| 506|0x0000000681000000, 0x0000000681800000, 0x0000000681800000|100%| O|  |TAMS 0x0000000681800000, 0x0000000681000000| Untracked 
| 507|0x0000000681800000, 0x0000000682000000, 0x0000000682000000|100%| O|  |TAMS 0x0000000682000000, 0x0000000681800000| Untracked 
| 508|0x0000000682000000, 0x0000000682800000, 0x0000000682800000|100%| O|  |TAMS 0x0000000682800000, 0x0000000682000000| Untracked 
| 509|0x0000000682800000, 0x0000000683000000, 0x0000000683000000|100%| O|  |TAMS 0x0000000683000000, 0x0000000682800000| Untracked 
| 510|0x0000000683000000, 0x0000000683800000, 0x0000000683800000|100%| O|  |TAMS 0x0000000683800000, 0x0000000683000000| Untracked 
| 511|0x0000000683800000, 0x0000000684000000, 0x0000000684000000|100%| O|  |TAMS 0x0000000684000000, 0x0000000683800000| Untracked 
| 512|0x0000000684000000, 0x0000000684800000, 0x0000000684800000|100%| O|  |TAMS 0x0000000684800000, 0x0000000684000000| Untracked 
| 513|0x0000000684800000, 0x0000000685000000, 0x0000000685000000|100%| O|  |TAMS 0x0000000685000000, 0x0000000684800000| Untracked 
| 514|0x0000000685000000, 0x0000000685800000, 0x0000000685800000|100%| O|  |TAMS 0x0000000685800000, 0x0000000685000000| Untracked 
| 515|0x0000000685800000, 0x0000000686000000, 0x0000000686000000|100%| O|  |TAMS 0x0000000686000000, 0x0000000685800000| Untracked 
| 516|0x0000000686000000, 0x0000000686800000, 0x0000000686800000|100%| O|  |TAMS 0x0000000686800000, 0x0000000686000000| Untracked 
| 517|0x0000000686800000, 0x0000000687000000, 0x0000000687000000|100%| O|  |TAMS 0x0000000687000000, 0x0000000686800000| Untracked 
| 518|0x0000000687000000, 0x0000000687800000, 0x0000000687800000|100%| O|  |TAMS 0x0000000687800000, 0x0000000687000000| Untracked 
| 519|0x0000000687800000, 0x0000000688000000, 0x0000000688000000|100%| O|  |TAMS 0x0000000688000000, 0x0000000687800000| Untracked 
| 520|0x0000000688000000, 0x0000000688800000, 0x0000000688800000|100%| O|  |TAMS 0x0000000688800000, 0x0000000688000000| Untracked 
| 521|0x0000000688800000, 0x0000000689000000, 0x0000000689000000|100%| O|  |TAMS 0x0000000689000000, 0x0000000688800000| Untracked 
| 522|0x0000000689000000, 0x0000000689800000, 0x0000000689800000|100%| O|  |TAMS 0x0000000689800000, 0x0000000689000000| Untracked 
| 523|0x0000000689800000, 0x000000068a000000, 0x000000068a000000|100%| O|  |TAMS 0x000000068a000000, 0x0000000689800000| Untracked 
| 524|0x000000068a000000, 0x000000068a800000, 0x000000068a800000|100%| O|  |TAMS 0x000000068a800000, 0x000000068a000000| Untracked 
| 525|0x000000068a800000, 0x000000068b000000, 0x000000068b000000|100%| O|  |TAMS 0x000000068b000000, 0x000000068a800000| Untracked 
| 526|0x000000068b000000, 0x000000068b800000, 0x000000068b800000|100%| O|  |TAMS 0x000000068b800000, 0x000000068b000000| Untracked 
| 527|0x000000068b800000, 0x000000068c000000, 0x000000068c000000|100%| O|  |TAMS 0x000000068c000000, 0x000000068b800000| Untracked 
| 528|0x000000068c000000, 0x000000068c800000, 0x000000068c800000|100%| O|  |TAMS 0x000000068c800000, 0x000000068c000000| Untracked 
| 529|0x000000068c800000, 0x000000068d000000, 0x000000068d000000|100%| O|  |TAMS 0x000000068d000000, 0x000000068c800000| Untracked 
| 530|0x000000068d000000, 0x000000068d800000, 0x000000068d800000|100%| O|  |TAMS 0x000000068d800000, 0x000000068d000000| Untracked 
| 531|0x000000068d800000, 0x000000068e000000, 0x000000068e000000|100%| O|  |TAMS 0x000000068e000000, 0x000000068d800000| Untracked 
| 532|0x000000068e000000, 0x000000068e800000, 0x000000068e800000|100%| O|  |TAMS 0x000000068e800000, 0x000000068e000000| Untracked 
| 533|0x000000068e800000, 0x000000068f000000, 0x000000068f000000|100%| O|  |TAMS 0x000000068f000000, 0x000000068e800000| Untracked 
| 534|0x000000068f000000, 0x000000068f800000, 0x000000068f800000|100%| O|  |TAMS 0x000000068f800000, 0x000000068f000000| Untracked 
| 535|0x000000068f800000, 0x0000000690000000, 0x0000000690000000|100%| O|  |TAMS 0x0000000690000000, 0x000000068f800000| Untracked 
| 536|0x0000000690000000, 0x0000000690800000, 0x0000000690800000|100%| O|  |TAMS 0x0000000690800000, 0x0000000690000000| Untracked 
| 537|0x0000000690800000, 0x0000000691000000, 0x0000000691000000|100%| O|  |TAMS 0x0000000691000000, 0x0000000690800000| Untracked 
| 538|0x0000000691000000, 0x0000000691800000, 0x0000000691800000|100%| O|  |TAMS 0x0000000691800000, 0x0000000691000000| Untracked 
| 539|0x0000000691800000, 0x0000000692000000, 0x0000000692000000|100%| O|  |TAMS 0x0000000692000000, 0x0000000691800000| Untracked 
| 540|0x0000000692000000, 0x0000000692800000, 0x0000000692800000|100%| O|  |TAMS 0x0000000692800000, 0x0000000692000000| Untracked 
| 541|0x0000000692800000, 0x0000000693000000, 0x0000000693000000|100%|HS|  |TAMS 0x0000000693000000, 0x0000000692800000| Complete 
| 542|0x0000000693000000, 0x0000000693800000, 0x0000000693800000|100%| O|  |TAMS 0x0000000693800000, 0x0000000693000000| Untracked 
| 543|0x0000000693800000, 0x0000000694000000, 0x0000000694000000|100%| O|  |TAMS 0x0000000694000000, 0x0000000693800000| Untracked 
| 544|0x0000000694000000, 0x0000000694800000, 0x0000000694800000|100%| O|  |TAMS 0x0000000694800000, 0x0000000694000000| Untracked 
| 545|0x0000000694800000, 0x0000000695000000, 0x0000000695000000|100%| O|  |TAMS 0x0000000695000000, 0x0000000694800000| Untracked 
| 546|0x0000000695000000, 0x0000000695800000, 0x0000000695800000|100%| O|  |TAMS 0x0000000695800000, 0x0000000695000000| Untracked 
| 547|0x0000000695800000, 0x0000000696000000, 0x0000000696000000|100%| O|  |TAMS 0x0000000696000000, 0x0000000695800000| Untracked 
| 548|0x0000000696000000, 0x0000000696800000, 0x0000000696800000|100%| O|  |TAMS 0x0000000696800000, 0x0000000696000000| Untracked 
| 549|0x0000000696800000, 0x0000000697000000, 0x0000000697000000|100%| O|  |TAMS 0x0000000697000000, 0x0000000696800000| Untracked 
| 550|0x0000000697000000, 0x0000000697800000, 0x0000000697800000|100%| O|  |TAMS 0x0000000697800000, 0x0000000697000000| Untracked 
| 551|0x0000000697800000, 0x0000000698000000, 0x0000000698000000|100%| O|  |TAMS 0x0000000698000000, 0x0000000697800000| Untracked 
| 552|0x0000000698000000, 0x0000000698800000, 0x0000000698800000|100%| O|  |TAMS 0x0000000698800000, 0x0000000698000000| Untracked 
| 553|0x0000000698800000, 0x0000000699000000, 0x0000000699000000|100%| O|  |TAMS 0x0000000699000000, 0x0000000698800000| Untracked 
| 554|0x0000000699000000, 0x0000000699800000, 0x0000000699800000|100%| O|  |TAMS 0x0000000699800000, 0x0000000699000000| Untracked 
| 555|0x0000000699800000, 0x000000069a000000, 0x000000069a000000|100%| O|  |TAMS 0x000000069a000000, 0x0000000699800000| Untracked 
| 556|0x000000069a000000, 0x000000069a800000, 0x000000069a800000|100%| O|  |TAMS 0x000000069a800000, 0x000000069a000000| Untracked 
| 557|0x000000069a800000, 0x000000069b000000, 0x000000069b000000|100%| O|  |TAMS 0x000000069b000000, 0x000000069a800000| Untracked 
| 558|0x000000069b000000, 0x000000069b800000, 0x000000069b800000|100%| O|  |TAMS 0x000000069b800000, 0x000000069b000000| Untracked 
| 559|0x000000069b800000, 0x000000069c000000, 0x000000069c000000|100%| O|  |TAMS 0x000000069c000000, 0x000000069b800000| Untracked 
| 560|0x000000069c000000, 0x000000069c800000, 0x000000069c800000|100%| O|  |TAMS 0x000000069c800000, 0x000000069c000000| Untracked 
| 561|0x000000069c800000, 0x000000069d000000, 0x000000069d000000|100%| O|  |TAMS 0x000000069d000000, 0x000000069c800000| Untracked 
| 562|0x000000069d000000, 0x000000069d800000, 0x000000069d800000|100%| O|  |TAMS 0x000000069d800000, 0x000000069d000000| Untracked 
| 563|0x000000069d800000, 0x000000069e000000, 0x000000069e000000|100%| O|  |TAMS 0x000000069e000000, 0x000000069d800000| Untracked 
| 564|0x000000069e000000, 0x000000069e800000, 0x000000069e800000|100%| O|  |TAMS 0x000000069e800000, 0x000000069e000000| Untracked 
| 565|0x000000069e800000, 0x000000069f000000, 0x000000069f000000|100%| O|  |TAMS 0x000000069f000000, 0x000000069e800000| Untracked 
| 566|0x000000069f000000, 0x000000069f800000, 0x000000069f800000|100%| O|  |TAMS 0x000000069f800000, 0x000000069f000000| Untracked 
| 567|0x000000069f800000, 0x00000006a0000000, 0x00000006a0000000|100%| O|  |TAMS 0x00000006a0000000, 0x000000069f800000| Untracked 
| 568|0x00000006a0000000, 0x00000006a0800000, 0x00000006a0800000|100%| O|  |TAMS 0x00000006a0800000, 0x00000006a0000000| Untracked 
| 569|0x00000006a0800000, 0x00000006a1000000, 0x00000006a1000000|100%| O|  |TAMS 0x00000006a1000000, 0x00000006a0800000| Untracked 
| 570|0x00000006a1000000, 0x00000006a1800000, 0x00000006a1800000|100%| O|  |TAMS 0x00000006a1800000, 0x00000006a1000000| Untracked 
| 571|0x00000006a1800000, 0x00000006a2000000, 0x00000006a2000000|100%| O|  |TAMS 0x00000006a2000000, 0x00000006a1800000| Untracked 
| 572|0x00000006a2000000, 0x00000006a2800000, 0x00000006a2800000|100%| O|  |TAMS 0x00000006a2800000, 0x00000006a2000000| Untracked 
| 573|0x00000006a2800000, 0x00000006a3000000, 0x00000006a3000000|100%| O|  |TAMS 0x00000006a3000000, 0x00000006a2800000| Untracked 
| 574|0x00000006a3000000, 0x00000006a3800000, 0x00000006a3800000|100%| O|  |TAMS 0x00000006a3800000, 0x00000006a3000000| Untracked 
| 575|0x00000006a3800000, 0x00000006a4000000, 0x00000006a4000000|100%| O|  |TAMS 0x00000006a4000000, 0x00000006a3800000| Untracked 
| 576|0x00000006a4000000, 0x00000006a4800000, 0x00000006a4800000|100%| O|  |TAMS 0x00000006a4800000, 0x00000006a4000000| Untracked 
| 577|0x00000006a4800000, 0x00000006a5000000, 0x00000006a5000000|100%| O|  |TAMS 0x00000006a5000000, 0x00000006a4800000| Untracked 
| 578|0x00000006a5000000, 0x00000006a5800000, 0x00000006a5800000|100%| O|  |TAMS 0x00000006a5800000, 0x00000006a5000000| Untracked 
| 579|0x00000006a5800000, 0x00000006a6000000, 0x00000006a6000000|100%| O|  |TAMS 0x00000006a6000000, 0x00000006a5800000| Untracked 
| 580|0x00000006a6000000, 0x00000006a6800000, 0x00000006a6800000|100%| O|  |TAMS 0x00000006a6800000, 0x00000006a6000000| Untracked 
| 581|0x00000006a6800000, 0x00000006a7000000, 0x00000006a7000000|100%| O|  |TAMS 0x00000006a7000000, 0x00000006a6800000| Untracked 
| 582|0x00000006a7000000, 0x00000006a7800000, 0x00000006a7800000|100%| O|  |TAMS 0x00000006a7000000, 0x00000006a7000000| Untracked 
| 583|0x00000006a7800000, 0x00000006a8000000, 0x00000006a8000000|100%| O|  |TAMS 0x00000006a8000000, 0x00000006a7800000| Untracked 
| 584|0x00000006a8000000, 0x00000006a8000000, 0x00000006a8800000|  0%| F|  |TAMS 0x00000006a8000000, 0x00000006a8000000| Untracked 
| 585|0x00000006a8800000, 0x00000006a9000000, 0x00000006a9000000|100%| O|  |TAMS 0x00000006a9000000, 0x00000006a8800000| Untracked 
| 586|0x00000006a9000000, 0x00000006a9000000, 0x00000006a9800000|  0%| F|  |TAMS 0x00000006a9000000, 0x00000006a9000000| Untracked 
| 587|0x00000006a9800000, 0x00000006aa000000, 0x00000006aa000000|100%| O|  |TAMS 0x00000006aa000000, 0x00000006a9800000| Untracked 
| 588|0x00000006aa000000, 0x00000006aa800000, 0x00000006aa800000|100%|HS|  |TAMS 0x00000006aa800000, 0x00000006aa000000| Complete 
| 589|0x00000006aa800000, 0x00000006ab000000, 0x00000006ab000000|100%| O|  |TAMS 0x00000006ab000000, 0x00000006aa800000| Untracked 
| 590|0x00000006ab000000, 0x00000006ab800000, 0x00000006ab800000|100%| O|  |TAMS 0x00000006ab800000, 0x00000006ab000000| Untracked 
| 591|0x00000006ab800000, 0x00000006ac000000, 0x00000006ac000000|100%| O|  |TAMS 0x00000006ac000000, 0x00000006ab800000| Untracked 
| 592|0x00000006ac000000, 0x00000006ac800000, 0x00000006ac800000|100%| O|  |TAMS 0x00000006ac800000, 0x00000006ac000000| Untracked 
| 593|0x00000006ac800000, 0x00000006ad000000, 0x00000006ad000000|100%| O|  |TAMS 0x00000006ad000000, 0x00000006ac800000| Untracked 
| 594|0x00000006ad000000, 0x00000006ad800000, 0x00000006ad800000|100%| O|  |TAMS 0x00000006ad800000, 0x00000006ad000000| Untracked 
| 595|0x00000006ad800000, 0x00000006ae000000, 0x00000006ae000000|100%| O|  |TAMS 0x00000006ae000000, 0x00000006ad800000| Untracked 
| 596|0x00000006ae000000, 0x00000006ae800000, 0x00000006ae800000|100%| O|  |TAMS 0x00000006ae800000, 0x00000006ae000000| Untracked 
| 597|0x00000006ae800000, 0x00000006af000000, 0x00000006af000000|100%| O|  |TAMS 0x00000006af000000, 0x00000006ae800000| Untracked 
| 598|0x00000006af000000, 0x00000006af800000, 0x00000006af800000|100%| O|  |TAMS 0x00000006af800000, 0x00000006af000000| Untracked 
| 599|0x00000006af800000, 0x00000006b0000000, 0x00000006b0000000|100%| O|  |TAMS 0x00000006b0000000, 0x00000006af800000| Untracked 
| 600|0x00000006b0000000, 0x00000006b0800000, 0x00000006b0800000|100%| O|  |TAMS 0x00000006b0800000, 0x00000006b0000000| Untracked 
| 601|0x00000006b0800000, 0x00000006b1000000, 0x00000006b1000000|100%| O|  |TAMS 0x00000006b1000000, 0x00000006b0800000| Untracked 
| 602|0x00000006b1000000, 0x00000006b1800000, 0x00000006b1800000|100%| O|  |TAMS 0x00000006b1800000, 0x00000006b1000000| Untracked 
| 603|0x00000006b1800000, 0x00000006b2000000, 0x00000006b2000000|100%| O|  |TAMS 0x00000006b2000000, 0x00000006b1800000| Untracked 
| 604|0x00000006b2000000, 0x00000006b2800000, 0x00000006b2800000|100%| O|  |TAMS 0x00000006b2800000, 0x00000006b2000000| Untracked 
| 605|0x00000006b2800000, 0x00000006b3000000, 0x00000006b3000000|100%| O|  |TAMS 0x00000006b3000000, 0x00000006b2800000| Untracked 
| 606|0x00000006b3000000, 0x00000006b3800000, 0x00000006b3800000|100%| O|  |TAMS 0x00000006b3800000, 0x00000006b3000000| Untracked 
| 607|0x00000006b3800000, 0x00000006b4000000, 0x00000006b4000000|100%| O|  |TAMS 0x00000006b4000000, 0x00000006b3800000| Untracked 
| 608|0x00000006b4000000, 0x00000006b4800000, 0x00000006b4800000|100%| O|  |TAMS 0x00000006b4800000, 0x00000006b4000000| Untracked 
| 609|0x00000006b4800000, 0x00000006b5000000, 0x00000006b5000000|100%| O|  |TAMS 0x00000006b5000000, 0x00000006b4800000| Untracked 
| 610|0x00000006b5000000, 0x00000006b5800000, 0x00000006b5800000|100%| O|  |TAMS 0x00000006b5800000, 0x00000006b5000000| Untracked 
| 611|0x00000006b5800000, 0x00000006b6000000, 0x00000006b6000000|100%| O|  |TAMS 0x00000006b5800000, 0x00000006b5800000| Untracked 
| 612|0x00000006b6000000, 0x00000006b6800000, 0x00000006b6800000|100%| O|  |TAMS 0x00000006b6800000, 0x00000006b6000000| Untracked 
| 613|0x00000006b6800000, 0x00000006b7000000, 0x00000006b7000000|100%| O|  |TAMS 0x00000006b7000000, 0x00000006b6800000| Untracked 
| 614|0x00000006b7000000, 0x00000006b7800000, 0x00000006b7800000|100%| O|  |TAMS 0x00000006b7800000, 0x00000006b7000000| Untracked 
| 615|0x00000006b7800000, 0x00000006b8000000, 0x00000006b8000000|100%| O|  |TAMS 0x00000006b8000000, 0x00000006b7800000| Untracked 
| 616|0x00000006b8000000, 0x00000006b8800000, 0x00000006b8800000|100%| O|  |TAMS 0x00000006b8800000, 0x00000006b8000000| Untracked 
| 617|0x00000006b8800000, 0x00000006b9000000, 0x00000006b9000000|100%| O|  |TAMS 0x00000006b9000000, 0x00000006b8800000| Untracked 
| 618|0x00000006b9000000, 0x00000006b9800000, 0x00000006b9800000|100%| O|  |TAMS 0x00000006b9800000, 0x00000006b9000000| Untracked 
| 619|0x00000006b9800000, 0x00000006ba000000, 0x00000006ba000000|100%| O|  |TAMS 0x00000006ba000000, 0x00000006b9800000| Untracked 
| 620|0x00000006ba000000, 0x00000006ba800000, 0x00000006ba800000|100%| O|  |TAMS 0x00000006ba800000, 0x00000006ba000000| Untracked 
| 621|0x00000006ba800000, 0x00000006bb000000, 0x00000006bb000000|100%| O|  |TAMS 0x00000006bb000000, 0x00000006ba800000| Untracked 
| 622|0x00000006bb000000, 0x00000006bb800000, 0x00000006bb800000|100%| O|  |TAMS 0x00000006bb800000, 0x00000006bb000000| Untracked 
| 623|0x00000006bb800000, 0x00000006bc000000, 0x00000006bc000000|100%| O|  |TAMS 0x00000006bc000000, 0x00000006bb800000| Untracked 
| 624|0x00000006bc000000, 0x00000006bc800000, 0x00000006bc800000|100%| O|  |TAMS 0x00000006bc800000, 0x00000006bc000000| Untracked 
| 625|0x00000006bc800000, 0x00000006bd000000, 0x00000006bd000000|100%| O|  |TAMS 0x00000006bd000000, 0x00000006bc800000| Untracked 
| 626|0x00000006bd000000, 0x00000006bd800000, 0x00000006bd800000|100%| O|  |TAMS 0x00000006bd800000, 0x00000006bd000000| Untracked 
| 627|0x00000006bd800000, 0x00000006be000000, 0x00000006be000000|100%| O|  |TAMS 0x00000006be000000, 0x00000006bd800000| Untracked 
| 628|0x00000006be000000, 0x00000006be800000, 0x00000006be800000|100%| O|  |TAMS 0x00000006be800000, 0x00000006be000000| Untracked 
| 629|0x00000006be800000, 0x00000006bf000000, 0x00000006bf000000|100%| O|  |TAMS 0x00000006bf000000, 0x00000006be800000| Untracked 
| 630|0x00000006bf000000, 0x00000006bf800000, 0x00000006bf800000|100%| O|  |TAMS 0x00000006bf800000, 0x00000006bf000000| Untracked 
| 631|0x00000006bf800000, 0x00000006c0000000, 0x00000006c0000000|100%| O|  |TAMS 0x00000006c0000000, 0x00000006bf800000| Untracked 
| 632|0x00000006c0000000, 0x00000006c0800000, 0x00000006c0800000|100%| O|  |TAMS 0x00000006c0800000, 0x00000006c0000000| Untracked 
| 633|0x00000006c0800000, 0x00000006c1000000, 0x00000006c1000000|100%| O|  |TAMS 0x00000006c1000000, 0x00000006c0800000| Untracked 
| 634|0x00000006c1000000, 0x00000006c1800000, 0x00000006c1800000|100%| O|  |TAMS 0x00000006c1800000, 0x00000006c1000000| Untracked 
| 635|0x00000006c1800000, 0x00000006c2000000, 0x00000006c2000000|100%| O|  |TAMS 0x00000006c2000000, 0x00000006c1800000| Untracked 
| 636|0x00000006c2000000, 0x00000006c2800000, 0x00000006c2800000|100%| O|  |TAMS 0x00000006c2800000, 0x00000006c2000000| Untracked 
| 637|0x00000006c2800000, 0x00000006c3000000, 0x00000006c3000000|100%| O|  |TAMS 0x00000006c3000000, 0x00000006c2800000| Untracked 
| 638|0x00000006c3000000, 0x00000006c3800000, 0x00000006c3800000|100%| O|  |TAMS 0x00000006c3800000, 0x00000006c3000000| Untracked 
| 639|0x00000006c3800000, 0x00000006c4000000, 0x00000006c4000000|100%| O|  |TAMS 0x00000006c4000000, 0x00000006c3800000| Untracked 
| 640|0x00000006c4000000, 0x00000006c4800000, 0x00000006c4800000|100%| O|  |TAMS 0x00000006c4800000, 0x00000006c4000000| Untracked 
| 641|0x00000006c4800000, 0x00000006c5000000, 0x00000006c5000000|100%| O|  |TAMS 0x00000006c5000000, 0x00000006c4800000| Untracked 
| 642|0x00000006c5000000, 0x00000006c5800000, 0x00000006c5800000|100%| O|  |TAMS 0x00000006c5800000, 0x00000006c5000000| Untracked 
| 643|0x00000006c5800000, 0x00000006c6000000, 0x00000006c6000000|100%| O|  |TAMS 0x00000006c6000000, 0x00000006c5800000| Untracked 
| 644|0x00000006c6000000, 0x00000006c6800000, 0x00000006c6800000|100%| O|  |TAMS 0x00000006c6800000, 0x00000006c6000000| Untracked 
| 645|0x00000006c6800000, 0x00000006c7000000, 0x00000006c7000000|100%| O|  |TAMS 0x00000006c7000000, 0x00000006c6800000| Untracked 
| 646|0x00000006c7000000, 0x00000006c7800000, 0x00000006c7800000|100%| O|  |TAMS 0x00000006c7800000, 0x00000006c7000000| Untracked 
| 647|0x00000006c7800000, 0x00000006c8000000, 0x00000006c8000000|100%| O|  |TAMS 0x00000006c8000000, 0x00000006c7800000| Untracked 
| 648|0x00000006c8000000, 0x00000006c8800000, 0x00000006c8800000|100%| O|  |TAMS 0x00000006c8800000, 0x00000006c8000000| Untracked 
| 649|0x00000006c8800000, 0x00000006c9000000, 0x00000006c9000000|100%| O|  |TAMS 0x00000006c9000000, 0x00000006c8800000| Untracked 
| 650|0x00000006c9000000, 0x00000006c9800000, 0x00000006c9800000|100%| O|  |TAMS 0x00000006c9800000, 0x00000006c9000000| Untracked 
| 651|0x00000006c9800000, 0x00000006ca000000, 0x00000006ca000000|100%| O|  |TAMS 0x00000006ca000000, 0x00000006c9800000| Untracked 
| 652|0x00000006ca000000, 0x00000006ca800000, 0x00000006ca800000|100%| O|  |TAMS 0x00000006ca800000, 0x00000006ca000000| Untracked 
| 653|0x00000006ca800000, 0x00000006cb000000, 0x00000006cb000000|100%| O|  |TAMS 0x00000006cb000000, 0x00000006ca800000| Untracked 
| 654|0x00000006cb000000, 0x00000006cb800000, 0x00000006cb800000|100%| O|  |TAMS 0x00000006cb800000, 0x00000006cb000000| Untracked 
| 655|0x00000006cb800000, 0x00000006cc000000, 0x00000006cc000000|100%| O|  |TAMS 0x00000006cc000000, 0x00000006cb800000| Untracked 
| 656|0x00000006cc000000, 0x00000006cc800000, 0x00000006cc800000|100%| O|  |TAMS 0x00000006cc800000, 0x00000006cc000000| Untracked 
| 657|0x00000006cc800000, 0x00000006cd000000, 0x00000006cd000000|100%| O|  |TAMS 0x00000006cd000000, 0x00000006cc800000| Untracked 
| 658|0x00000006cd000000, 0x00000006cd800000, 0x00000006cd800000|100%| O|  |TAMS 0x00000006cd800000, 0x00000006cd000000| Untracked 
| 659|0x00000006cd800000, 0x00000006ce000000, 0x00000006ce000000|100%| O|  |TAMS 0x00000006ce000000, 0x00000006cd800000| Untracked 
| 660|0x00000006ce000000, 0x00000006ce800000, 0x00000006ce800000|100%| O|  |TAMS 0x00000006ce800000, 0x00000006ce000000| Untracked 
| 661|0x00000006ce800000, 0x00000006cf000000, 0x00000006cf000000|100%| O|  |TAMS 0x00000006cf000000, 0x00000006ce800000| Untracked 
| 662|0x00000006cf000000, 0x00000006cf800000, 0x00000006cf800000|100%| O|  |TAMS 0x00000006cf800000, 0x00000006cf000000| Untracked 
| 663|0x00000006cf800000, 0x00000006d0000000, 0x00000006d0000000|100%| O|  |TAMS 0x00000006d0000000, 0x00000006cf800000| Untracked 
| 664|0x00000006d0000000, 0x00000006d0800000, 0x00000006d0800000|100%| O|  |TAMS 0x00000006d0800000, 0x00000006d0000000| Untracked 
| 665|0x00000006d0800000, 0x00000006d1000000, 0x00000006d1000000|100%| O|  |TAMS 0x00000006d1000000, 0x00000006d0800000| Untracked 
| 666|0x00000006d1000000, 0x00000006d1800000, 0x00000006d1800000|100%| O|  |TAMS 0x00000006d1800000, 0x00000006d1000000| Untracked 
| 667|0x00000006d1800000, 0x00000006d2000000, 0x00000006d2000000|100%| O|  |TAMS 0x00000006d2000000, 0x00000006d1800000| Untracked 
| 668|0x00000006d2000000, 0x00000006d2800000, 0x00000006d2800000|100%| O|  |TAMS 0x00000006d2800000, 0x00000006d2000000| Untracked 
| 669|0x00000006d2800000, 0x00000006d3000000, 0x00000006d3000000|100%| O|  |TAMS 0x00000006d3000000, 0x00000006d2800000| Untracked 
| 670|0x00000006d3000000, 0x00000006d3800000, 0x00000006d3800000|100%| O|  |TAMS 0x00000006d3800000, 0x00000006d3000000| Untracked 
| 671|0x00000006d3800000, 0x00000006d4000000, 0x00000006d4000000|100%| O|  |TAMS 0x00000006d4000000, 0x00000006d3800000| Untracked 
| 672|0x00000006d4000000, 0x00000006d4800000, 0x00000006d4800000|100%| O|  |TAMS 0x00000006d4800000, 0x00000006d4000000| Untracked 
| 673|0x00000006d4800000, 0x00000006d5000000, 0x00000006d5000000|100%| O|  |TAMS 0x00000006d5000000, 0x00000006d4800000| Untracked 
| 674|0x00000006d5000000, 0x00000006d5800000, 0x00000006d5800000|100%| O|  |TAMS 0x00000006d5800000, 0x00000006d5000000| Untracked 
| 675|0x00000006d5800000, 0x00000006d6000000, 0x00000006d6000000|100%| O|  |TAMS 0x00000006d6000000, 0x00000006d5800000| Untracked 
| 676|0x00000006d6000000, 0x00000006d6800000, 0x00000006d6800000|100%| O|  |TAMS 0x00000006d6800000, 0x00000006d6000000| Untracked 
| 677|0x00000006d6800000, 0x00000006d7000000, 0x00000006d7000000|100%| O|  |TAMS 0x00000006d7000000, 0x00000006d6800000| Untracked 
| 678|0x00000006d7000000, 0x00000006d7800000, 0x00000006d7800000|100%| O|  |TAMS 0x00000006d7800000, 0x00000006d7000000| Untracked 
| 679|0x00000006d7800000, 0x00000006d8000000, 0x00000006d8000000|100%| O|  |TAMS 0x00000006d8000000, 0x00000006d7800000| Untracked 
| 680|0x00000006d8000000, 0x00000006d8800000, 0x00000006d8800000|100%| O|  |TAMS 0x00000006d8800000, 0x00000006d8000000| Untracked 
| 681|0x00000006d8800000, 0x00000006d9000000, 0x00000006d9000000|100%| O|  |TAMS 0x00000006d9000000, 0x00000006d8800000| Untracked 
| 682|0x00000006d9000000, 0x00000006d9800000, 0x00000006d9800000|100%| O|  |TAMS 0x00000006d9800000, 0x00000006d9000000| Untracked 
| 683|0x00000006d9800000, 0x00000006da000000, 0x00000006da000000|100%| O|  |TAMS 0x00000006da000000, 0x00000006d9800000| Untracked 
| 684|0x00000006da000000, 0x00000006da800000, 0x00000006da800000|100%|HS|  |TAMS 0x00000006da800000, 0x00000006da000000| Complete 
| 685|0x00000006da800000, 0x00000006db000000, 0x00000006db000000|100%|HS|  |TAMS 0x00000006db000000, 0x00000006da800000| Complete 
| 686|0x00000006db000000, 0x00000006db800000, 0x00000006db800000|100%|HC|  |TAMS 0x00000006db800000, 0x00000006db000000| Complete 
| 687|0x00000006db800000, 0x00000006dc000000, 0x00000006dc000000|100%|HS|  |TAMS 0x00000006dc000000, 0x00000006db800000| Complete 
| 688|0x00000006dc000000, 0x00000006dc800000, 0x00000006dc800000|100%|HC|  |TAMS 0x00000006dc800000, 0x00000006dc000000| Complete 
| 689|0x00000006dc800000, 0x00000006dd000000, 0x00000006dd000000|100%| O|  |TAMS 0x00000006dd000000, 0x00000006dc800000| Untracked 
| 690|0x00000006dd000000, 0x00000006dd800000, 0x00000006dd800000|100%| O|  |TAMS 0x00000006dd800000, 0x00000006dd000000| Untracked 
| 691|0x00000006dd800000, 0x00000006de000000, 0x00000006de000000|100%| O|  |TAMS 0x00000006de000000, 0x00000006dd800000| Untracked 
| 692|0x00000006de000000, 0x00000006de800000, 0x00000006de800000|100%| O|  |TAMS 0x00000006de800000, 0x00000006de000000| Untracked 
| 693|0x00000006de800000, 0x00000006df000000, 0x00000006df000000|100%| O|  |TAMS 0x00000006df000000, 0x00000006de800000| Untracked 
| 694|0x00000006df000000, 0x00000006df800000, 0x00000006df800000|100%| O|  |TAMS 0x00000006df800000, 0x00000006df000000| Untracked 
| 695|0x00000006df800000, 0x00000006e0000000, 0x00000006e0000000|100%| O|  |TAMS 0x00000006e0000000, 0x00000006df800000| Untracked 
| 696|0x00000006e0000000, 0x00000006e0800000, 0x00000006e0800000|100%| O|  |TAMS 0x00000006e0800000, 0x00000006e0000000| Untracked 
| 697|0x00000006e0800000, 0x00000006e1000000, 0x00000006e1000000|100%| O|  |TAMS 0x00000006e1000000, 0x00000006e0800000| Untracked 
| 698|0x00000006e1000000, 0x00000006e1800000, 0x00000006e1800000|100%| O|  |TAMS 0x00000006e1800000, 0x00000006e1000000| Untracked 
| 699|0x00000006e1800000, 0x00000006e1800000, 0x00000006e2000000|  0%| F|  |TAMS 0x00000006e1800000, 0x00000006e1800000| Untracked 
| 700|0x00000006e2000000, 0x00000006e2800000, 0x00000006e2800000|100%|HS|  |TAMS 0x00000006e2800000, 0x00000006e2000000| Complete 
| 701|0x00000006e2800000, 0x00000006e3000000, 0x00000006e3000000|100%|HS|  |TAMS 0x00000006e3000000, 0x00000006e2800000| Complete 
| 702|0x00000006e3000000, 0x00000006e3800000, 0x00000006e3800000|100%| O|  |TAMS 0x00000006e3800000, 0x00000006e3000000| Untracked 
| 703|0x00000006e3800000, 0x00000006e4000000, 0x00000006e4000000|100%| O|  |TAMS 0x00000006e4000000, 0x00000006e3800000| Untracked 
| 704|0x00000006e4000000, 0x00000006e4800000, 0x00000006e4800000|100%| O|  |TAMS 0x00000006e4800000, 0x00000006e4000000| Untracked 
| 705|0x00000006e4800000, 0x00000006e5000000, 0x00000006e5000000|100%| O|  |TAMS 0x00000006e5000000, 0x00000006e4800000| Untracked 
| 706|0x00000006e5000000, 0x00000006e5800000, 0x00000006e5800000|100%| O|  |TAMS 0x00000006e5800000, 0x00000006e5000000| Untracked 
| 707|0x00000006e5800000, 0x00000006e6000000, 0x00000006e6000000|100%| O|  |TAMS 0x00000006e6000000, 0x00000006e5800000| Untracked 
| 708|0x00000006e6000000, 0x00000006e6800000, 0x00000006e6800000|100%| O|  |TAMS 0x00000006e6800000, 0x00000006e6000000| Untracked 
| 709|0x00000006e6800000, 0x00000006e7000000, 0x00000006e7000000|100%| O|  |TAMS 0x00000006e7000000, 0x00000006e6800000| Untracked 
| 710|0x00000006e7000000, 0x00000006e7800000, 0x00000006e7800000|100%| O|  |TAMS 0x00000006e7800000, 0x00000006e7000000| Untracked 
| 711|0x00000006e7800000, 0x00000006e8000000, 0x00000006e8000000|100%| O|  |TAMS 0x00000006e8000000, 0x00000006e7800000| Untracked 
| 712|0x00000006e8000000, 0x00000006e8800000, 0x00000006e8800000|100%| O|  |TAMS 0x00000006e8800000, 0x00000006e8000000| Untracked 
| 713|0x00000006e8800000, 0x00000006e9000000, 0x00000006e9000000|100%| O|  |TAMS 0x00000006e9000000, 0x00000006e8800000| Untracked 
| 714|0x00000006e9000000, 0x00000006e9800000, 0x00000006e9800000|100%| O|  |TAMS 0x00000006e9000000, 0x00000006e9000000| Untracked 
| 715|0x00000006e9800000, 0x00000006ea000000, 0x00000006ea000000|100%| O|  |TAMS 0x00000006ea000000, 0x00000006e9800000| Untracked 
| 716|0x00000006ea000000, 0x00000006ea800000, 0x00000006ea800000|100%| O|  |TAMS 0x00000006ea800000, 0x00000006ea000000| Untracked 
| 717|0x00000006ea800000, 0x00000006eb000000, 0x00000006eb000000|100%| O|  |TAMS 0x00000006eb000000, 0x00000006ea800000| Untracked 
| 718|0x00000006eb000000, 0x00000006eb800000, 0x00000006eb800000|100%| O|  |TAMS 0x00000006eb800000, 0x00000006eb000000| Untracked 
| 719|0x00000006eb800000, 0x00000006ec000000, 0x00000006ec000000|100%| O|  |TAMS 0x00000006eb800000, 0x00000006eb800000| Untracked 
| 720|0x00000006ec000000, 0x00000006ec800000, 0x00000006ec800000|100%| O|  |TAMS 0x00000006ec800000, 0x00000006ec000000| Untracked 
| 721|0x00000006ec800000, 0x00000006ed000000, 0x00000006ed000000|100%| O|  |TAMS 0x00000006ed000000, 0x00000006ec800000| Untracked 
| 722|0x00000006ed000000, 0x00000006ed800000, 0x00000006ed800000|100%| O|  |TAMS 0x00000006ed800000, 0x00000006ed000000| Untracked 
| 723|0x00000006ed800000, 0x00000006ede67a00, 0x00000006ee000000| 80%| O|  |TAMS 0x00000006ed800000, 0x00000006ed800000| Untracked 
| 724|0x00000006ee000000, 0x00000006ee800000, 0x00000006ee800000|100%| O|  |TAMS 0x00000006ee800000, 0x00000006ee000000| Untracked 
| 725|0x00000006ee800000, 0x00000006ef000000, 0x00000006ef000000|100%|HS|  |TAMS 0x00000006ef000000, 0x00000006ee800000| Complete 
| 726|0x00000006ef000000, 0x00000006ef800000, 0x00000006ef800000|100%|HC|  |TAMS 0x00000006ef800000, 0x00000006ef000000| Complete 
| 727|0x00000006ef800000, 0x00000006f0000000, 0x00000006f0000000|100%| O|  |TAMS 0x00000006f0000000, 0x00000006ef800000| Untracked 
| 728|0x00000006f0000000, 0x00000006f0800000, 0x00000006f0800000|100%| O|  |TAMS 0x00000006f0800000, 0x00000006f0000000| Untracked 
| 729|0x00000006f0800000, 0x00000006f1000000, 0x00000006f1000000|100%| O|  |TAMS 0x00000006f1000000, 0x00000006f0800000| Untracked 
| 730|0x00000006f1000000, 0x00000006f1800000, 0x00000006f1800000|100%| O|  |TAMS 0x00000006f1800000, 0x00000006f1000000| Untracked 
| 731|0x00000006f1800000, 0x00000006f2000000, 0x00000006f2000000|100%| O|  |TAMS 0x00000006f2000000, 0x00000006f1800000| Untracked 
| 732|0x00000006f2000000, 0x00000006f2800000, 0x00000006f2800000|100%| O|  |TAMS 0x00000006f2800000, 0x00000006f2000000| Untracked 
| 733|0x00000006f2800000, 0x00000006f3000000, 0x00000006f3000000|100%| O|  |TAMS 0x00000006f3000000, 0x00000006f2800000| Untracked 
| 734|0x00000006f3000000, 0x00000006f3800000, 0x00000006f3800000|100%| O|  |TAMS 0x00000006f3800000, 0x00000006f3000000| Untracked 
| 735|0x00000006f3800000, 0x00000006f4000000, 0x00000006f4000000|100%| O|  |TAMS 0x00000006f4000000, 0x00000006f3800000| Untracked 
| 736|0x00000006f4000000, 0x00000006f4800000, 0x00000006f4800000|100%| O|  |TAMS 0x00000006f4800000, 0x00000006f4000000| Untracked 
| 737|0x00000006f4800000, 0x00000006f5000000, 0x00000006f5000000|100%| O|  |TAMS 0x00000006f5000000, 0x00000006f4800000| Untracked 
| 738|0x00000006f5000000, 0x00000006f5800000, 0x00000006f5800000|100%| O|  |TAMS 0x00000006f5800000, 0x00000006f5000000| Untracked 
| 739|0x00000006f5800000, 0x00000006f6000000, 0x00000006f6000000|100%| O|  |TAMS 0x00000006f6000000, 0x00000006f5800000| Untracked 
| 740|0x00000006f6000000, 0x00000006f6800000, 0x00000006f6800000|100%| O|  |TAMS 0x00000006f6800000, 0x00000006f6000000| Untracked 
| 741|0x00000006f6800000, 0x00000006f7000000, 0x00000006f7000000|100%| O|  |TAMS 0x00000006f7000000, 0x00000006f6800000| Untracked 
| 742|0x00000006f7000000, 0x00000006f7800000, 0x00000006f7800000|100%| O|  |TAMS 0x00000006f7800000, 0x00000006f7000000| Untracked 
| 743|0x00000006f7800000, 0x00000006f8000000, 0x00000006f8000000|100%| O|  |TAMS 0x00000006f8000000, 0x00000006f7800000| Untracked 
| 744|0x00000006f8000000, 0x00000006f8800000, 0x00000006f8800000|100%| O|  |TAMS 0x00000006f8800000, 0x00000006f8000000| Untracked 
| 745|0x00000006f8800000, 0x00000006f9000000, 0x00000006f9000000|100%| O|  |TAMS 0x00000006f9000000, 0x00000006f8800000| Untracked 
| 746|0x00000006f9000000, 0x00000006f9800000, 0x00000006f9800000|100%| O|  |TAMS 0x00000006f9800000, 0x00000006f9000000| Untracked 
| 747|0x00000006f9800000, 0x00000006fa000000, 0x00000006fa000000|100%| O|  |TAMS 0x00000006fa000000, 0x00000006f9800000| Untracked 
| 748|0x00000006fa000000, 0x00000006fa800000, 0x00000006fa800000|100%| O|  |TAMS 0x00000006fa800000, 0x00000006fa000000| Untracked 
| 749|0x00000006fa800000, 0x00000006fb000000, 0x00000006fb000000|100%| O|  |TAMS 0x00000006fb000000, 0x00000006fa800000| Untracked 
| 750|0x00000006fb000000, 0x00000006fb800000, 0x00000006fb800000|100%| O|  |TAMS 0x00000006fb800000, 0x00000006fb000000| Untracked 
| 751|0x00000006fb800000, 0x00000006fc000000, 0x00000006fc000000|100%| O|  |TAMS 0x00000006fc000000, 0x00000006fb800000| Untracked 
| 752|0x00000006fc000000, 0x00000006fc800000, 0x00000006fc800000|100%| O|  |TAMS 0x00000006fc800000, 0x00000006fc000000| Untracked 
| 753|0x00000006fc800000, 0x00000006fd000000, 0x00000006fd000000|100%| O|  |TAMS 0x00000006fd000000, 0x00000006fc800000| Untracked 
| 754|0x00000006fd000000, 0x00000006fd800000, 0x00000006fd800000|100%| O|  |TAMS 0x00000006fd800000, 0x00000006fd000000| Untracked 
| 755|0x00000006fd800000, 0x00000006fe000000, 0x00000006fe000000|100%| O|  |TAMS 0x00000006fe000000, 0x00000006fd800000| Untracked 
| 756|0x00000006fe000000, 0x00000006fe800000, 0x00000006fe800000|100%| O|  |TAMS 0x00000006fe800000, 0x00000006fe000000| Untracked 
| 757|0x00000006fe800000, 0x00000006ff000000, 0x00000006ff000000|100%| O|  |TAMS 0x00000006ff000000, 0x00000006fe800000| Untracked 
| 758|0x00000006ff000000, 0x00000006ff800000, 0x00000006ff800000|100%| O|  |TAMS 0x00000006ff800000, 0x00000006ff000000| Untracked 
| 759|0x00000006ff800000, 0x0000000700000000, 0x0000000700000000|100%| O|  |TAMS 0x0000000700000000, 0x00000006ff800000| Untracked 
| 760|0x0000000700000000, 0x0000000700800000, 0x0000000700800000|100%| O|  |TAMS 0x0000000700800000, 0x0000000700000000| Untracked 
| 761|0x0000000700800000, 0x0000000701000000, 0x0000000701000000|100%| O|  |TAMS 0x0000000701000000, 0x0000000700800000| Untracked 
| 762|0x0000000701000000, 0x0000000701800000, 0x0000000701800000|100%| O|  |TAMS 0x0000000701800000, 0x0000000701000000| Untracked 
| 763|0x0000000701800000, 0x0000000702000000, 0x0000000702000000|100%| O|  |TAMS 0x0000000702000000, 0x0000000701800000| Untracked 
| 764|0x0000000702000000, 0x0000000702800000, 0x0000000702800000|100%| O|  |TAMS 0x0000000702800000, 0x0000000702000000| Untracked 
| 765|0x0000000702800000, 0x0000000703000000, 0x0000000703000000|100%| O|  |TAMS 0x0000000703000000, 0x0000000702800000| Untracked 
| 766|0x0000000703000000, 0x0000000703800000, 0x0000000703800000|100%| O|  |TAMS 0x0000000703800000, 0x0000000703000000| Untracked 
| 767|0x0000000703800000, 0x0000000704000000, 0x0000000704000000|100%| O|  |TAMS 0x0000000704000000, 0x0000000703800000| Untracked 
| 768|0x0000000704000000, 0x0000000704800000, 0x0000000704800000|100%| O|  |TAMS 0x0000000704800000, 0x0000000704000000| Untracked 
| 769|0x0000000704800000, 0x0000000705000000, 0x0000000705000000|100%| O|  |TAMS 0x0000000705000000, 0x0000000704800000| Untracked 
| 770|0x0000000705000000, 0x0000000705800000, 0x0000000705800000|100%| O|  |TAMS 0x0000000705800000, 0x0000000705000000| Untracked 
| 771|0x0000000705800000, 0x0000000706000000, 0x0000000706000000|100%| O|  |TAMS 0x0000000706000000, 0x0000000705800000| Untracked 
| 772|0x0000000706000000, 0x0000000706800000, 0x0000000706800000|100%| O|  |TAMS 0x0000000706800000, 0x0000000706000000| Untracked 
| 773|0x0000000706800000, 0x0000000707000000, 0x0000000707000000|100%| O|  |TAMS 0x0000000707000000, 0x0000000706800000| Untracked 
| 774|0x0000000707000000, 0x0000000707000000, 0x0000000707800000|  0%| F|  |TAMS 0x0000000707000000, 0x0000000707000000| Untracked 
| 775|0x0000000707800000, 0x0000000708000000, 0x0000000708000000|100%| O|  |TAMS 0x0000000708000000, 0x0000000707800000| Untracked 
| 776|0x0000000708000000, 0x0000000708800000, 0x0000000708800000|100%| O|  |TAMS 0x0000000708800000, 0x0000000708000000| Untracked 
| 777|0x0000000708800000, 0x0000000709000000, 0x0000000709000000|100%| O|  |TAMS 0x0000000709000000, 0x0000000708800000| Untracked 
| 778|0x0000000709000000, 0x0000000709800000, 0x0000000709800000|100%| O|  |TAMS 0x0000000709800000, 0x0000000709000000| Untracked 
| 779|0x0000000709800000, 0x000000070a000000, 0x000000070a000000|100%| O|  |TAMS 0x000000070a000000, 0x0000000709800000| Untracked 
| 780|0x000000070a000000, 0x000000070a800000, 0x000000070a800000|100%| O|  |TAMS 0x000000070a800000, 0x000000070a000000| Untracked 
| 781|0x000000070a800000, 0x000000070b000000, 0x000000070b000000|100%| O|  |TAMS 0x000000070b000000, 0x000000070a800000| Untracked 
| 782|0x000000070b000000, 0x000000070b800000, 0x000000070b800000|100%| O|  |TAMS 0x000000070b800000, 0x000000070b000000| Untracked 
| 783|0x000000070b800000, 0x000000070c000000, 0x000000070c000000|100%| O|  |TAMS 0x000000070c000000, 0x000000070b800000| Untracked 
| 784|0x000000070c000000, 0x000000070c800000, 0x000000070c800000|100%| O|  |TAMS 0x000000070c800000, 0x000000070c000000| Untracked 
| 785|0x000000070c800000, 0x000000070d000000, 0x000000070d000000|100%| O|  |TAMS 0x000000070d000000, 0x000000070c800000| Untracked 
| 786|0x000000070d000000, 0x000000070d800000, 0x000000070d800000|100%| O|  |TAMS 0x000000070d800000, 0x000000070d000000| Untracked 
| 787|0x000000070d800000, 0x000000070e000000, 0x000000070e000000|100%| O|  |TAMS 0x000000070e000000, 0x000000070d800000| Untracked 
| 788|0x000000070e000000, 0x000000070e800000, 0x000000070e800000|100%| O|  |TAMS 0x000000070e800000, 0x000000070e000000| Untracked 
| 789|0x000000070e800000, 0x000000070f000000, 0x000000070f000000|100%| O|  |TAMS 0x000000070f000000, 0x000000070e800000| Untracked 
| 790|0x000000070f000000, 0x000000070f000000, 0x000000070f800000|  0%| F|  |TAMS 0x000000070f000000, 0x000000070f000000| Untracked 
| 791|0x000000070f800000, 0x0000000710000000, 0x0000000710000000|100%| O|  |TAMS 0x0000000710000000, 0x000000070f800000| Untracked 
| 792|0x0000000710000000, 0x0000000710800000, 0x0000000710800000|100%| O|  |TAMS 0x0000000710800000, 0x0000000710000000| Untracked 
| 793|0x0000000710800000, 0x0000000711000000, 0x0000000711000000|100%| O|  |TAMS 0x0000000710f7ca00, 0x0000000710800000| Untracked 
| 794|0x0000000711000000, 0x0000000711000000, 0x0000000711800000|  0%| F|  |TAMS 0x0000000711000000, 0x0000000711000000| Untracked 
| 795|0x0000000711800000, 0x0000000712000000, 0x0000000712000000|100%| O|  |TAMS 0x0000000712000000, 0x0000000711800000| Untracked 
| 796|0x0000000712000000, 0x0000000712000000, 0x0000000712800000|  0%| F|  |TAMS 0x0000000712000000, 0x0000000712000000| Untracked 
| 797|0x0000000712800000, 0x0000000712800000, 0x0000000713000000|  0%| F|  |TAMS 0x0000000712800000, 0x0000000712800000| Untracked 
| 798|0x0000000713000000, 0x0000000713800000, 0x0000000713800000|100%| O|  |TAMS 0x0000000713800000, 0x0000000713000000| Untracked 
| 799|0x0000000713800000, 0x0000000714000000, 0x0000000714000000|100%| O|  |TAMS 0x0000000714000000, 0x0000000713800000| Untracked 
| 800|0x0000000714000000, 0x0000000714800000, 0x0000000714800000|100%| O|  |TAMS 0x0000000714800000, 0x0000000714000000| Untracked 
| 801|0x0000000714800000, 0x0000000715000000, 0x0000000715000000|100%| O|  |TAMS 0x0000000715000000, 0x0000000714800000| Untracked 
| 802|0x0000000715000000, 0x0000000715800000, 0x0000000715800000|100%| O|  |TAMS 0x0000000715800000, 0x0000000715000000| Untracked 
| 803|0x0000000715800000, 0x0000000716000000, 0x0000000716000000|100%| O|  |TAMS 0x0000000716000000, 0x0000000715800000| Untracked 
| 804|0x0000000716000000, 0x0000000716800000, 0x0000000716800000|100%| O|  |TAMS 0x0000000716800000, 0x0000000716000000| Untracked 
| 805|0x0000000716800000, 0x0000000716800000, 0x0000000717000000|  0%| F|  |TAMS 0x0000000716800000, 0x0000000716800000| Untracked 
| 806|0x0000000717000000, 0x0000000717000000, 0x0000000717800000|  0%| F|  |TAMS 0x0000000717000000, 0x0000000717000000| Untracked 
| 807|0x0000000717800000, 0x0000000717800000, 0x0000000718000000|  0%| F|  |TAMS 0x0000000717800000, 0x0000000717800000| Untracked 
| 808|0x0000000718000000, 0x0000000718800000, 0x0000000718800000|100%| O|  |TAMS 0x0000000718800000, 0x0000000718000000| Untracked 
| 809|0x0000000718800000, 0x0000000719000000, 0x0000000719000000|100%| O|  |TAMS 0x0000000719000000, 0x0000000718800000| Untracked 
| 810|0x0000000719000000, 0x0000000719800000, 0x0000000719800000|100%| O|  |TAMS 0x0000000719800000, 0x0000000719000000| Untracked 
| 811|0x0000000719800000, 0x000000071a000000, 0x000000071a000000|100%| O|  |TAMS 0x000000071a000000, 0x0000000719800000| Untracked 
| 812|0x000000071a000000, 0x000000071a800000, 0x000000071a800000|100%| O|  |TAMS 0x000000071a800000, 0x000000071a000000| Untracked 
| 813|0x000000071a800000, 0x000000071b000000, 0x000000071b000000|100%| O|  |TAMS 0x000000071b000000, 0x000000071a800000| Untracked 
| 814|0x000000071b000000, 0x000000071b800000, 0x000000071b800000|100%| O|  |TAMS 0x000000071b800000, 0x000000071b000000| Untracked 
| 815|0x000000071b800000, 0x000000071c000000, 0x000000071c000000|100%| O|  |TAMS 0x000000071c000000, 0x000000071b800000| Untracked 
| 816|0x000000071c000000, 0x000000071c800000, 0x000000071c800000|100%| O|  |TAMS 0x000000071c800000, 0x000000071c000000| Untracked 
| 817|0x000000071c800000, 0x000000071d000000, 0x000000071d000000|100%| O|  |TAMS 0x000000071d000000, 0x000000071c800000| Untracked 
| 818|0x000000071d000000, 0x000000071d800000, 0x000000071d800000|100%| O|  |TAMS 0x000000071d800000, 0x000000071d000000| Untracked 
| 819|0x000000071d800000, 0x000000071e000000, 0x000000071e000000|100%| O|  |TAMS 0x000000071e000000, 0x000000071d800000| Untracked 
| 820|0x000000071e000000, 0x000000071e800000, 0x000000071e800000|100%| O|  |TAMS 0x000000071e800000, 0x000000071e000000| Untracked 
| 821|0x000000071e800000, 0x000000071f000000, 0x000000071f000000|100%| O|  |TAMS 0x000000071f000000, 0x000000071e800000| Untracked 
| 822|0x000000071f000000, 0x000000071f800000, 0x000000071f800000|100%| O|  |TAMS 0x000000071f800000, 0x000000071f000000| Untracked 
| 823|0x000000071f800000, 0x0000000720000000, 0x0000000720000000|100%| O|  |TAMS 0x0000000720000000, 0x000000071f800000| Untracked 
| 824|0x0000000720000000, 0x0000000720800000, 0x0000000720800000|100%| O|  |TAMS 0x0000000720800000, 0x0000000720000000| Untracked 
| 825|0x0000000720800000, 0x0000000721000000, 0x0000000721000000|100%|HS|  |TAMS 0x0000000721000000, 0x0000000720800000| Complete 
| 826|0x0000000721000000, 0x0000000721800000, 0x0000000721800000|100%|HC|  |TAMS 0x0000000721800000, 0x0000000721000000| Complete 
| 827|0x0000000721800000, 0x0000000722000000, 0x0000000722000000|100%|HS|  |TAMS 0x0000000722000000, 0x0000000721800000| Complete 
| 828|0x0000000722000000, 0x0000000722800000, 0x0000000722800000|100%|HC|  |TAMS 0x0000000722800000, 0x0000000722000000| Complete 
| 829|0x0000000722800000, 0x0000000723000000, 0x0000000723000000|100%| O|  |TAMS 0x0000000723000000, 0x0000000722800000| Untracked 
| 830|0x0000000723000000, 0x0000000723000000, 0x0000000723800000|  0%| F|  |TAMS 0x0000000723000000, 0x0000000723000000| Untracked 
| 831|0x0000000723800000, 0x0000000723800000, 0x0000000724000000|  0%| F|  |TAMS 0x0000000723800000, 0x0000000723800000| Untracked 
| 832|0x0000000724000000, 0x0000000724800000, 0x0000000724800000|100%| O|  |TAMS 0x0000000724800000, 0x0000000724000000| Untracked 
| 833|0x0000000724800000, 0x0000000725000000, 0x0000000725000000|100%| O|  |TAMS 0x0000000725000000, 0x0000000724800000| Untracked 
| 834|0x0000000725000000, 0x0000000725800000, 0x0000000725800000|100%| O|  |TAMS 0x0000000725800000, 0x0000000725000000| Untracked 
| 835|0x0000000725800000, 0x0000000725800000, 0x0000000726000000|  0%| F|  |TAMS 0x0000000725800000, 0x0000000725800000| Untracked 
| 836|0x0000000726000000, 0x0000000726000000, 0x0000000726800000|  0%| F|  |TAMS 0x0000000726000000, 0x0000000726000000| Untracked 
| 837|0x0000000726800000, 0x0000000726800000, 0x0000000727000000|  0%| F|  |TAMS 0x0000000726800000, 0x0000000726800000| Untracked 
| 838|0x0000000727000000, 0x0000000727000000, 0x0000000727800000|  0%| F|  |TAMS 0x0000000727000000, 0x0000000727000000| Untracked 
| 839|0x0000000727800000, 0x0000000727800000, 0x0000000728000000|  0%| F|  |TAMS 0x0000000727800000, 0x0000000727800000| Untracked 
| 840|0x0000000728000000, 0x0000000728800000, 0x0000000728800000|100%| O|  |TAMS 0x0000000728800000, 0x0000000728000000| Untracked 
| 841|0x0000000728800000, 0x0000000729000000, 0x0000000729000000|100%| O|  |TAMS 0x0000000729000000, 0x0000000728800000| Untracked 
| 842|0x0000000729000000, 0x0000000729000000, 0x0000000729800000|  0%| F|  |TAMS 0x0000000729000000, 0x0000000729000000| Untracked 
| 843|0x0000000729800000, 0x0000000729800000, 0x000000072a000000|  0%| F|  |TAMS 0x0000000729800000, 0x0000000729800000| Untracked 
| 844|0x000000072a000000, 0x000000072a000000, 0x000000072a800000|  0%| F|  |TAMS 0x000000072a000000, 0x000000072a000000| Untracked 
| 845|0x000000072a800000, 0x000000072a800000, 0x000000072b000000|  0%| F|  |TAMS 0x000000072a800000, 0x000000072a800000| Untracked 
| 846|0x000000072b000000, 0x000000072b000000, 0x000000072b800000|  0%| F|  |TAMS 0x000000072b000000, 0x000000072b000000| Untracked 
| 847|0x000000072b800000, 0x000000072c000000, 0x000000072c000000|100%| O|  |TAMS 0x000000072c000000, 0x000000072b800000| Untracked 
| 848|0x000000072c000000, 0x000000072c800000, 0x000000072c800000|100%| O|  |TAMS 0x000000072c800000, 0x000000072c000000| Untracked 
| 849|0x000000072c800000, 0x000000072d000000, 0x000000072d000000|100%| O|  |TAMS 0x000000072d000000, 0x000000072c800000| Untracked 
| 850|0x000000072d000000, 0x000000072d000000, 0x000000072d800000|  0%| F|  |TAMS 0x000000072d000000, 0x000000072d000000| Untracked 
| 851|0x000000072d800000, 0x000000072d800000, 0x000000072e000000|  0%| F|  |TAMS 0x000000072d800000, 0x000000072d800000| Untracked 
| 852|0x000000072e000000, 0x000000072e800000, 0x000000072e800000|100%| O|  |TAMS 0x000000072e800000, 0x000000072e000000| Untracked 
| 853|0x000000072e800000, 0x000000072f000000, 0x000000072f000000|100%| O|  |TAMS 0x000000072f000000, 0x000000072e800000| Untracked 
| 854|0x000000072f000000, 0x000000072f000000, 0x000000072f800000|  0%| F|  |TAMS 0x000000072f000000, 0x000000072f000000| Untracked 
| 855|0x000000072f800000, 0x000000072f800000, 0x0000000730000000|  0%| F|  |TAMS 0x000000072f800000, 0x000000072f800000| Untracked 
| 856|0x0000000730000000, 0x0000000730000000, 0x0000000730800000|  0%| F|  |TAMS 0x0000000730000000, 0x0000000730000000| Untracked 
| 857|0x0000000730800000, 0x0000000730800000, 0x0000000731000000|  0%| F|  |TAMS 0x0000000730800000, 0x0000000730800000| Untracked 
| 858|0x0000000731000000, 0x0000000731800000, 0x0000000731800000|100%| O|  |TAMS 0x0000000731800000, 0x0000000731000000| Untracked 
| 859|0x0000000731800000, 0x0000000731800000, 0x0000000732000000|  0%| F|  |TAMS 0x0000000731800000, 0x0000000731800000| Untracked 
| 860|0x0000000732000000, 0x0000000732000000, 0x0000000732800000|  0%| F|  |TAMS 0x0000000732000000, 0x0000000732000000| Untracked 
| 861|0x0000000732800000, 0x0000000732800000, 0x0000000733000000|  0%| F|  |TAMS 0x0000000732800000, 0x0000000732800000| Untracked 
| 862|0x0000000733000000, 0x0000000733000000, 0x0000000733800000|  0%| F|  |TAMS 0x0000000733000000, 0x0000000733000000| Untracked 
| 863|0x0000000733800000, 0x0000000734000000, 0x0000000734000000|100%| O|  |TAMS 0x0000000734000000, 0x0000000733800000| Untracked 
| 864|0x0000000734000000, 0x0000000734000000, 0x0000000734800000|  0%| F|  |TAMS 0x0000000734000000, 0x0000000734000000| Untracked 
| 865|0x0000000734800000, 0x0000000735000000, 0x0000000735000000|100%| O|  |TAMS 0x0000000735000000, 0x0000000734800000| Untracked 
| 866|0x0000000735000000, 0x0000000735800000, 0x0000000735800000|100%| O|  |TAMS 0x0000000735800000, 0x0000000735000000| Untracked 
| 867|0x0000000735800000, 0x0000000735800000, 0x0000000736000000|  0%| F|  |TAMS 0x0000000735800000, 0x0000000735800000| Untracked 
| 868|0x0000000736000000, 0x0000000736800000, 0x0000000736800000|100%| O|  |TAMS 0x0000000736800000, 0x0000000736000000| Untracked 
| 869|0x0000000736800000, 0x0000000737000000, 0x0000000737000000|100%| O|  |TAMS 0x0000000737000000, 0x0000000736800000| Untracked 
| 870|0x0000000737000000, 0x0000000737800000, 0x0000000737800000|100%| O|  |TAMS 0x0000000737800000, 0x0000000737000000| Untracked 
| 871|0x0000000737800000, 0x0000000738000000, 0x0000000738000000|100%| O|  |TAMS 0x0000000738000000, 0x0000000737800000| Untracked 
| 872|0x0000000738000000, 0x0000000738800000, 0x0000000738800000|100%| O|  |TAMS 0x0000000738800000, 0x0000000738000000| Untracked 
| 873|0x0000000738800000, 0x0000000739000000, 0x0000000739000000|100%| O|  |TAMS 0x0000000739000000, 0x0000000738800000| Untracked 
| 874|0x0000000739000000, 0x0000000739800000, 0x0000000739800000|100%| O|  |TAMS 0x0000000739800000, 0x0000000739000000| Untracked 
| 875|0x0000000739800000, 0x0000000739800000, 0x000000073a000000|  0%| F|  |TAMS 0x0000000739800000, 0x0000000739800000| Untracked 
| 876|0x000000073a000000, 0x000000073a800000, 0x000000073a800000|100%| O|  |TAMS 0x000000073a800000, 0x000000073a000000| Untracked 
| 877|0x000000073a800000, 0x000000073b000000, 0x000000073b000000|100%| O|  |TAMS 0x000000073b000000, 0x000000073a800000| Untracked 
| 878|0x000000073b000000, 0x000000073b800000, 0x000000073b800000|100%| O|  |TAMS 0x000000073b800000, 0x000000073b000000| Untracked 
| 879|0x000000073b800000, 0x000000073c000000, 0x000000073c000000|100%| O|  |TAMS 0x000000073c000000, 0x000000073b800000| Untracked 
| 880|0x000000073c000000, 0x000000073c800000, 0x000000073c800000|100%| O|  |TAMS 0x000000073c800000, 0x000000073c000000| Untracked 
| 881|0x000000073c800000, 0x000000073d000000, 0x000000073d000000|100%| O|  |TAMS 0x000000073d000000, 0x000000073c800000| Untracked 
| 882|0x000000073d000000, 0x000000073d800000, 0x000000073d800000|100%| O|  |TAMS 0x000000073d800000, 0x000000073d000000| Untracked 
| 883|0x000000073d800000, 0x000000073d800000, 0x000000073e000000|  0%| F|  |TAMS 0x000000073d800000, 0x000000073d800000| Untracked 
| 884|0x000000073e000000, 0x000000073e800000, 0x000000073e800000|100%| O|  |TAMS 0x000000073e800000, 0x000000073e000000| Untracked 
| 885|0x000000073e800000, 0x000000073f000000, 0x000000073f000000|100%| O|  |TAMS 0x000000073f000000, 0x000000073e800000| Untracked 
| 886|0x000000073f000000, 0x000000073f800000, 0x000000073f800000|100%| O|  |TAMS 0x000000073f800000, 0x000000073f000000| Untracked 
| 887|0x000000073f800000, 0x0000000740000000, 0x0000000740000000|100%| O|  |TAMS 0x0000000740000000, 0x000000073f800000| Untracked 
| 888|0x0000000740000000, 0x0000000740800000, 0x0000000740800000|100%| O|  |TAMS 0x0000000740800000, 0x0000000740000000| Untracked 
| 889|0x0000000740800000, 0x0000000741000000, 0x0000000741000000|100%| O|  |TAMS 0x0000000741000000, 0x0000000740800000| Untracked 
| 890|0x0000000741000000, 0x0000000741800000, 0x0000000741800000|100%| O|  |TAMS 0x0000000741800000, 0x0000000741000000| Untracked 
| 891|0x0000000741800000, 0x0000000742000000, 0x0000000742000000|100%| O|  |TAMS 0x0000000742000000, 0x0000000741800000| Untracked 
| 892|0x0000000742000000, 0x0000000742800000, 0x0000000742800000|100%| O|  |TAMS 0x0000000742800000, 0x0000000742000000| Untracked 
| 893|0x0000000742800000, 0x0000000743000000, 0x0000000743000000|100%| O|  |TAMS 0x0000000743000000, 0x0000000742800000| Untracked 
| 894|0x0000000743000000, 0x0000000743800000, 0x0000000743800000|100%| O|  |TAMS 0x0000000743800000, 0x0000000743000000| Untracked 
| 895|0x0000000743800000, 0x0000000744000000, 0x0000000744000000|100%| O|  |TAMS 0x0000000744000000, 0x0000000743800000| Untracked 
| 896|0x0000000744000000, 0x0000000744800000, 0x0000000744800000|100%| O|  |TAMS 0x0000000744800000, 0x0000000744000000| Untracked 
| 897|0x0000000744800000, 0x0000000745000000, 0x0000000745000000|100%| O|  |TAMS 0x0000000745000000, 0x0000000744800000| Untracked 
| 898|0x0000000745000000, 0x0000000745800000, 0x0000000745800000|100%| O|  |TAMS 0x0000000745800000, 0x0000000745000000| Untracked 
| 899|0x0000000745800000, 0x0000000746000000, 0x0000000746000000|100%| O|  |TAMS 0x0000000746000000, 0x0000000745800000| Untracked 
| 900|0x0000000746000000, 0x0000000746800000, 0x0000000746800000|100%| O|  |TAMS 0x0000000746800000, 0x0000000746000000| Untracked 
| 901|0x0000000746800000, 0x0000000746800000, 0x0000000747000000|  0%| F|  |TAMS 0x0000000746800000, 0x0000000746800000| Untracked 
| 902|0x0000000747000000, 0x0000000747800000, 0x0000000747800000|100%| O|  |TAMS 0x0000000747800000, 0x0000000747000000| Untracked 
| 903|0x0000000747800000, 0x0000000748000000, 0x0000000748000000|100%| O|  |TAMS 0x0000000748000000, 0x0000000747800000| Untracked 
| 904|0x0000000748000000, 0x0000000748000000, 0x0000000748800000|  0%| F|  |TAMS 0x0000000748000000, 0x0000000748000000| Untracked 
| 905|0x0000000748800000, 0x0000000749000000, 0x0000000749000000|100%| O|  |TAMS 0x0000000749000000, 0x0000000748800000| Untracked 
| 906|0x0000000749000000, 0x0000000749800000, 0x0000000749800000|100%| O|  |TAMS 0x0000000749800000, 0x0000000749000000| Untracked 
| 907|0x0000000749800000, 0x000000074a000000, 0x000000074a000000|100%| O|  |TAMS 0x000000074a000000, 0x0000000749800000| Untracked 
| 908|0x000000074a000000, 0x000000074a800000, 0x000000074a800000|100%| O|  |TAMS 0x000000074a800000, 0x000000074a000000| Untracked 
| 909|0x000000074a800000, 0x000000074b000000, 0x000000074b000000|100%| O|  |TAMS 0x000000074b000000, 0x000000074a800000| Untracked 
| 910|0x000000074b000000, 0x000000074b000000, 0x000000074b800000|  0%| F|  |TAMS 0x000000074b000000, 0x000000074b000000| Untracked 
| 911|0x000000074b800000, 0x000000074c000000, 0x000000074c000000|100%| O|  |TAMS 0x000000074c000000, 0x000000074b800000| Untracked 
| 912|0x000000074c000000, 0x000000074c800000, 0x000000074c800000|100%| O|  |TAMS 0x000000074c800000, 0x000000074c000000| Untracked 
| 913|0x000000074c800000, 0x000000074d000000, 0x000000074d000000|100%| O|  |TAMS 0x000000074d000000, 0x000000074c800000| Untracked 
| 914|0x000000074d000000, 0x000000074d800000, 0x000000074d800000|100%| O|  |TAMS 0x000000074d800000, 0x000000074d000000| Untracked 
| 915|0x000000074d800000, 0x000000074e000000, 0x000000074e000000|100%| O|  |TAMS 0x000000074e000000, 0x000000074d800000| Untracked 
| 916|0x000000074e000000, 0x000000074e800000, 0x000000074e800000|100%| O|  |TAMS 0x000000074e800000, 0x000000074e000000| Untracked 
| 917|0x000000074e800000, 0x000000074e800000, 0x000000074f000000|  0%| F|  |TAMS 0x000000074e800000, 0x000000074e800000| Untracked 
| 918|0x000000074f000000, 0x000000074f000000, 0x000000074f800000|  0%| F|  |TAMS 0x000000074f000000, 0x000000074f000000| Untracked 
| 919|0x000000074f800000, 0x0000000750000000, 0x0000000750000000|100%| O|  |TAMS 0x0000000750000000, 0x000000074f800000| Untracked 
| 920|0x0000000750000000, 0x0000000750000000, 0x0000000750800000|  0%| F|  |TAMS 0x0000000750000000, 0x0000000750000000| Untracked 
| 921|0x0000000750800000, 0x0000000750800000, 0x0000000751000000|  0%| F|  |TAMS 0x0000000750800000, 0x0000000750800000| Untracked 
| 922|0x0000000751000000, 0x0000000751000000, 0x0000000751800000|  0%| F|  |TAMS 0x0000000751000000, 0x0000000751000000| Untracked 
| 923|0x0000000751800000, 0x0000000751800000, 0x0000000752000000|  0%| F|  |TAMS 0x0000000751800000, 0x0000000751800000| Untracked 
| 924|0x0000000752000000, 0x0000000752000000, 0x0000000752800000|  0%| F|  |TAMS 0x0000000752000000, 0x0000000752000000| Untracked 
| 925|0x0000000752800000, 0x0000000752800000, 0x0000000753000000|  0%| F|  |TAMS 0x0000000752800000, 0x0000000752800000| Untracked 
| 926|0x0000000753000000, 0x0000000753000000, 0x0000000753800000|  0%| F|  |TAMS 0x0000000753000000, 0x0000000753000000| Untracked 
| 927|0x0000000753800000, 0x0000000753800000, 0x0000000754000000|  0%| F|  |TAMS 0x0000000753800000, 0x0000000753800000| Untracked 
| 928|0x0000000754000000, 0x0000000754000000, 0x0000000754800000|  0%| F|  |TAMS 0x0000000754000000, 0x0000000754000000| Untracked 
| 929|0x0000000754800000, 0x0000000754800000, 0x0000000755000000|  0%| F|  |TAMS 0x0000000754800000, 0x0000000754800000| Untracked 
| 930|0x0000000755000000, 0x0000000755000000, 0x0000000755800000|  0%| F|  |TAMS 0x0000000755000000, 0x0000000755000000| Untracked 
| 931|0x0000000755800000, 0x0000000755800000, 0x0000000756000000|  0%| F|  |TAMS 0x0000000755800000, 0x0000000755800000| Untracked 
| 932|0x0000000756000000, 0x0000000756000000, 0x0000000756800000|  0%| F|  |TAMS 0x0000000756000000, 0x0000000756000000| Untracked 
| 933|0x0000000756800000, 0x0000000756800000, 0x0000000757000000|  0%| F|  |TAMS 0x0000000756800000, 0x0000000756800000| Untracked 
| 934|0x0000000757000000, 0x0000000757000000, 0x0000000757800000|  0%| F|  |TAMS 0x0000000757000000, 0x0000000757000000| Untracked 
| 935|0x0000000757800000, 0x0000000757800000, 0x0000000758000000|  0%| F|  |TAMS 0x0000000757800000, 0x0000000757800000| Untracked 
| 936|0x0000000758000000, 0x0000000758000000, 0x0000000758800000|  0%| F|  |TAMS 0x0000000758000000, 0x0000000758000000| Untracked 
| 937|0x0000000758800000, 0x0000000758800000, 0x0000000759000000|  0%| F|  |TAMS 0x0000000758800000, 0x0000000758800000| Untracked 
| 938|0x0000000759000000, 0x0000000759000000, 0x0000000759800000|  0%| F|  |TAMS 0x0000000759000000, 0x0000000759000000| Untracked 
| 939|0x0000000759800000, 0x0000000759800000, 0x000000075a000000|  0%| F|  |TAMS 0x0000000759800000, 0x0000000759800000| Untracked 
| 940|0x000000075a000000, 0x000000075a000000, 0x000000075a800000|  0%| F|  |TAMS 0x000000075a000000, 0x000000075a000000| Untracked 
| 941|0x000000075a800000, 0x000000075a800000, 0x000000075b000000|  0%| F|  |TAMS 0x000000075a800000, 0x000000075a800000| Untracked 
| 942|0x000000075b000000, 0x000000075b000000, 0x000000075b800000|  0%| F|  |TAMS 0x000000075b000000, 0x000000075b000000| Untracked 
| 943|0x000000075b800000, 0x000000075b800000, 0x000000075c000000|  0%| F|  |TAMS 0x000000075b800000, 0x000000075b800000| Untracked 
| 944|0x000000075c000000, 0x000000075c000000, 0x000000075c800000|  0%| F|  |TAMS 0x000000075c000000, 0x000000075c000000| Untracked 
| 945|0x000000075c800000, 0x000000075c800000, 0x000000075d000000|  0%| F|  |TAMS 0x000000075c800000, 0x000000075c800000| Untracked 
| 946|0x000000075d000000, 0x000000075d000000, 0x000000075d800000|  0%| F|  |TAMS 0x000000075d000000, 0x000000075d000000| Untracked 
| 947|0x000000075d800000, 0x000000075e000000, 0x000000075e000000|100%| O|  |TAMS 0x000000075e000000, 0x000000075d800000| Untracked 
| 948|0x000000075e000000, 0x000000075e000000, 0x000000075e800000|  0%| F|  |TAMS 0x000000075e000000, 0x000000075e000000| Untracked 
| 949|0x000000075e800000, 0x000000075e800000, 0x000000075f000000|  0%| F|  |TAMS 0x000000075e800000, 0x000000075e800000| Untracked 
| 950|0x000000075f000000, 0x000000075f000000, 0x000000075f800000|  0%| F|  |TAMS 0x000000075f000000, 0x000000075f000000| Untracked 
| 951|0x000000075f800000, 0x000000075f800000, 0x0000000760000000|  0%| F|  |TAMS 0x000000075f800000, 0x000000075f800000| Untracked 
| 952|0x0000000760000000, 0x0000000760800000, 0x0000000760800000|100%| O|  |TAMS 0x0000000760800000, 0x0000000760000000| Untracked 
| 953|0x0000000760800000, 0x0000000760800000, 0x0000000761000000|  0%| F|  |TAMS 0x0000000760800000, 0x0000000760800000| Untracked 
| 954|0x0000000761000000, 0x0000000761000000, 0x0000000761800000|  0%| F|  |TAMS 0x0000000761000000, 0x0000000761000000| Untracked 
| 955|0x0000000761800000, 0x0000000761800000, 0x0000000762000000|  0%| F|  |TAMS 0x0000000761800000, 0x0000000761800000| Untracked 
| 956|0x0000000762000000, 0x0000000762000000, 0x0000000762800000|  0%| F|  |TAMS 0x0000000762000000, 0x0000000762000000| Untracked 
| 957|0x0000000762800000, 0x0000000762800000, 0x0000000763000000|  0%| F|  |TAMS 0x0000000762800000, 0x0000000762800000| Untracked 
| 958|0x0000000763000000, 0x0000000763000000, 0x0000000763800000|  0%| F|  |TAMS 0x0000000763000000, 0x0000000763000000| Untracked 
| 959|0x0000000763800000, 0x0000000763800000, 0x0000000764000000|  0%| F|  |TAMS 0x0000000763800000, 0x0000000763800000| Untracked 
| 960|0x0000000764000000, 0x0000000764000000, 0x0000000764800000|  0%| F|  |TAMS 0x0000000764000000, 0x0000000764000000| Untracked 
| 961|0x0000000764800000, 0x0000000764800000, 0x0000000765000000|  0%| F|  |TAMS 0x0000000764800000, 0x0000000764800000| Untracked 
| 962|0x0000000765000000, 0x0000000765000000, 0x0000000765800000|  0%| F|  |TAMS 0x0000000765000000, 0x0000000765000000| Untracked 
| 963|0x0000000765800000, 0x0000000765800000, 0x0000000766000000|  0%| F|  |TAMS 0x0000000765800000, 0x0000000765800000| Untracked 
| 964|0x0000000766000000, 0x0000000766000000, 0x0000000766800000|  0%| F|  |TAMS 0x0000000766000000, 0x0000000766000000| Untracked 
| 965|0x0000000766800000, 0x0000000766800000, 0x0000000767000000|  0%| F|  |TAMS 0x0000000766800000, 0x0000000766800000| Untracked 
| 966|0x0000000767000000, 0x0000000767000000, 0x0000000767800000|  0%| F|  |TAMS 0x0000000767000000, 0x0000000767000000| Untracked 
| 967|0x0000000767800000, 0x0000000767800000, 0x0000000768000000|  0%| F|  |TAMS 0x0000000767800000, 0x0000000767800000| Untracked 
| 968|0x0000000768000000, 0x0000000768000000, 0x0000000768800000|  0%| F|  |TAMS 0x0000000768000000, 0x0000000768000000| Untracked 
| 969|0x0000000768800000, 0x0000000768800000, 0x0000000769000000|  0%| F|  |TAMS 0x0000000768800000, 0x0000000768800000| Untracked 
| 970|0x0000000769000000, 0x0000000769000000, 0x0000000769800000|  0%| F|  |TAMS 0x0000000769000000, 0x0000000769000000| Untracked 
| 971|0x0000000769800000, 0x0000000769800000, 0x000000076a000000|  0%| F|  |TAMS 0x0000000769800000, 0x0000000769800000| Untracked 
| 972|0x000000076a000000, 0x000000076a000000, 0x000000076a800000|  0%| F|  |TAMS 0x000000076a000000, 0x000000076a000000| Untracked 
| 973|0x000000076a800000, 0x000000076a800000, 0x000000076b000000|  0%| F|  |TAMS 0x000000076a800000, 0x000000076a800000| Untracked 
| 974|0x000000076b000000, 0x000000076b000000, 0x000000076b800000|  0%| F|  |TAMS 0x000000076b000000, 0x000000076b000000| Untracked 
| 975|0x000000076b800000, 0x000000076b800000, 0x000000076c000000|  0%| F|  |TAMS 0x000000076b800000, 0x000000076b800000| Untracked 
| 976|0x000000076c000000, 0x000000076c000000, 0x000000076c800000|  0%| F|  |TAMS 0x000000076c000000, 0x000000076c000000| Untracked 
| 977|0x000000076c800000, 0x000000076c800000, 0x000000076d000000|  0%| F|  |TAMS 0x000000076c800000, 0x000000076c800000| Untracked 
| 978|0x000000076d000000, 0x000000076d000000, 0x000000076d800000|  0%| F|  |TAMS 0x000000076d000000, 0x000000076d000000| Untracked 
| 979|0x000000076d800000, 0x000000076d800000, 0x000000076e000000|  0%| F|  |TAMS 0x000000076d800000, 0x000000076d800000| Untracked 
| 980|0x000000076e000000, 0x000000076e000000, 0x000000076e800000|  0%| F|  |TAMS 0x000000076e000000, 0x000000076e000000| Untracked 
| 981|0x000000076e800000, 0x000000076e800000, 0x000000076f000000|  0%| F|  |TAMS 0x000000076e800000, 0x000000076e800000| Untracked 
| 982|0x000000076f000000, 0x000000076f000000, 0x000000076f800000|  0%| F|  |TAMS 0x000000076f000000, 0x000000076f000000| Untracked 
| 983|0x000000076f800000, 0x000000076f800000, 0x0000000770000000|  0%| F|  |TAMS 0x000000076f800000, 0x000000076f800000| Untracked 
| 984|0x0000000770000000, 0x0000000770000000, 0x0000000770800000|  0%| F|  |TAMS 0x0000000770000000, 0x0000000770000000| Untracked 
| 985|0x0000000770800000, 0x0000000770800000, 0x0000000771000000|  0%| F|  |TAMS 0x0000000770800000, 0x0000000770800000| Untracked 
| 986|0x0000000771000000, 0x0000000771000000, 0x0000000771800000|  0%| F|  |TAMS 0x0000000771000000, 0x0000000771000000| Untracked 
| 987|0x0000000771800000, 0x0000000771800000, 0x0000000772000000|  0%| F|  |TAMS 0x0000000771800000, 0x0000000771800000| Untracked 
| 988|0x0000000772000000, 0x0000000772000000, 0x0000000772800000|  0%| F|  |TAMS 0x0000000772000000, 0x0000000772000000| Untracked 
| 989|0x0000000772800000, 0x0000000772800000, 0x0000000773000000|  0%| F|  |TAMS 0x0000000772800000, 0x0000000772800000| Untracked 
| 990|0x0000000773000000, 0x0000000773000000, 0x0000000773800000|  0%| F|  |TAMS 0x0000000773000000, 0x0000000773000000| Untracked 
| 991|0x0000000773800000, 0x0000000773800000, 0x0000000774000000|  0%| F|  |TAMS 0x0000000773800000, 0x0000000773800000| Untracked 
| 992|0x0000000774000000, 0x0000000774000000, 0x0000000774800000|  0%| F|  |TAMS 0x0000000774000000, 0x0000000774000000| Untracked 
| 993|0x0000000774800000, 0x0000000774800000, 0x0000000775000000|  0%| F|  |TAMS 0x0000000774800000, 0x0000000774800000| Untracked 
| 994|0x0000000775000000, 0x0000000775000000, 0x0000000775800000|  0%| F|  |TAMS 0x0000000775000000, 0x0000000775000000| Untracked 
| 995|0x0000000775800000, 0x0000000775800000, 0x0000000776000000|  0%| F|  |TAMS 0x0000000775800000, 0x0000000775800000| Untracked 
| 996|0x0000000776000000, 0x0000000776000000, 0x0000000776800000|  0%| F|  |TAMS 0x0000000776000000, 0x0000000776000000| Untracked 
| 997|0x0000000776800000, 0x0000000776800000, 0x0000000777000000|  0%| F|  |TAMS 0x0000000776800000, 0x0000000776800000| Untracked 
| 998|0x0000000777000000, 0x0000000777000000, 0x0000000777800000|  0%| F|  |TAMS 0x0000000777000000, 0x0000000777000000| Untracked 
| 999|0x0000000777800000, 0x0000000777800000, 0x0000000778000000|  0%| F|  |TAMS 0x0000000777800000, 0x0000000777800000| Untracked 
|1000|0x0000000778000000, 0x0000000778000000, 0x0000000778800000|  0%| F|  |TAMS 0x0000000778000000, 0x0000000778000000| Untracked 
|1001|0x0000000778800000, 0x0000000778800000, 0x0000000779000000|  0%| F|  |TAMS 0x0000000778800000, 0x0000000778800000| Untracked 
|1002|0x0000000779000000, 0x0000000779000000, 0x0000000779800000|  0%| F|  |TAMS 0x0000000779000000, 0x0000000779000000| Untracked 
|1003|0x0000000779800000, 0x0000000779800000, 0x000000077a000000|  0%| F|  |TAMS 0x0000000779800000, 0x0000000779800000| Untracked 
|1004|0x000000077a000000, 0x000000077a000000, 0x000000077a800000|  0%| F|  |TAMS 0x000000077a000000, 0x000000077a000000| Untracked 
|1005|0x000000077a800000, 0x000000077a800000, 0x000000077b000000|  0%| F|  |TAMS 0x000000077a800000, 0x000000077a800000| Untracked 
|1006|0x000000077b000000, 0x000000077b000000, 0x000000077b800000|  0%| F|  |TAMS 0x000000077b000000, 0x000000077b000000| Untracked 
|1007|0x000000077b800000, 0x000000077bf466b0, 0x000000077c000000| 90%| S|CS|TAMS 0x000000077b800000, 0x000000077b800000| Complete 
|1008|0x000000077c000000, 0x000000077c800000, 0x000000077c800000|100%| S|CS|TAMS 0x000000077c000000, 0x000000077c000000| Complete 
|1009|0x000000077c800000, 0x000000077c800000, 0x000000077d000000|  0%| F|  |TAMS 0x000000077c800000, 0x000000077c800000| Untracked 
|1010|0x000000077d000000, 0x000000077d000000, 0x000000077d800000|  0%| F|  |TAMS 0x000000077d000000, 0x000000077d000000| Untracked 
|1011|0x000000077d800000, 0x000000077d800000, 0x000000077e000000|  0%| F|  |TAMS 0x000000077d800000, 0x000000077d800000| Untracked 
|1012|0x000000077e000000, 0x000000077e000000, 0x000000077e800000|  0%| F|  |TAMS 0x000000077e000000, 0x000000077e000000| Untracked 
|1013|0x000000077e800000, 0x000000077e800000, 0x000000077f000000|  0%| F|  |TAMS 0x000000077e800000, 0x000000077e800000| Untracked 
|1014|0x000000077f000000, 0x000000077f000000, 0x000000077f800000|  0%| F|  |TAMS 0x000000077f000000, 0x000000077f000000| Untracked 
|1015|0x000000077f800000, 0x000000077f800000, 0x0000000780000000|  0%| F|  |TAMS 0x000000077f800000, 0x000000077f800000| Untracked 
|1016|0x0000000780000000, 0x0000000780000000, 0x0000000780800000|  0%| F|  |TAMS 0x0000000780000000, 0x0000000780000000| Untracked 
|1017|0x0000000780800000, 0x0000000780800000, 0x0000000781000000|  0%| F|  |TAMS 0x0000000780800000, 0x0000000780800000| Untracked 
|1018|0x0000000781000000, 0x0000000781800000, 0x0000000781800000|100%| O|  |TAMS 0x0000000781800000, 0x0000000781000000| Untracked 
|1019|0x0000000781800000, 0x0000000782000000, 0x0000000782000000|100%| O|  |TAMS 0x0000000782000000, 0x0000000781800000| Untracked 
|1020|0x0000000782000000, 0x0000000782800000, 0x0000000782800000|100%| O|  |TAMS 0x0000000782800000, 0x0000000782000000| Untracked 
|1021|0x0000000782800000, 0x0000000782800000, 0x0000000783000000|  0%| F|  |TAMS 0x0000000782800000, 0x0000000782800000| Untracked 
|1022|0x0000000783000000, 0x0000000783800000, 0x0000000783800000|100%| O|  |TAMS 0x0000000783800000, 0x0000000783000000| Untracked 
|1023|0x0000000783800000, 0x0000000784000000, 0x0000000784000000|100%| O|  |TAMS 0x0000000784000000, 0x0000000783800000| Untracked 
|1024|0x0000000784000000, 0x0000000784800000, 0x0000000784800000|100%| O|  |TAMS 0x0000000784800000, 0x0000000784000000| Untracked 
|1025|0x0000000784800000, 0x0000000784800000, 0x0000000785000000|  0%| F|  |TAMS 0x0000000784800000, 0x0000000784800000| Untracked 
|1026|0x0000000785000000, 0x0000000785800000, 0x0000000785800000|100%| O|  |TAMS 0x0000000785800000, 0x0000000785000000| Untracked 
|1027|0x0000000785800000, 0x0000000785800000, 0x0000000786000000|  0%| F|  |TAMS 0x0000000785800000, 0x0000000785800000| Untracked 
|1028|0x0000000786000000, 0x0000000786000000, 0x0000000786800000|  0%| F|  |TAMS 0x0000000786000000, 0x0000000786000000| Untracked 
|1029|0x0000000786800000, 0x0000000786800000, 0x0000000787000000|  0%| F|  |TAMS 0x0000000786800000, 0x0000000786800000| Untracked 
|1030|0x0000000787000000, 0x0000000787000000, 0x0000000787800000|  0%| F|  |TAMS 0x0000000787000000, 0x0000000787000000| Untracked 
|1031|0x0000000787800000, 0x0000000787800000, 0x0000000788000000|  0%| F|  |TAMS 0x0000000787800000, 0x0000000787800000| Untracked 
|1032|0x0000000788000000, 0x0000000788000000, 0x0000000788800000|  0%| F|  |TAMS 0x0000000788000000, 0x0000000788000000| Untracked 
|1033|0x0000000788800000, 0x0000000788800000, 0x0000000789000000|  0%| F|  |TAMS 0x0000000788800000, 0x0000000788800000| Untracked 
|1034|0x0000000789000000, 0x0000000789000000, 0x0000000789800000|  0%| F|  |TAMS 0x0000000789000000, 0x0000000789000000| Untracked 
|1035|0x0000000789800000, 0x0000000789800000, 0x000000078a000000|  0%| F|  |TAMS 0x0000000789800000, 0x0000000789800000| Untracked 
|1036|0x000000078a000000, 0x000000078a000000, 0x000000078a800000|  0%| F|  |TAMS 0x000000078a000000, 0x000000078a000000| Untracked 
|1037|0x000000078a800000, 0x000000078a800000, 0x000000078b000000|  0%| F|  |TAMS 0x000000078a800000, 0x000000078a800000| Untracked 
|1038|0x000000078b000000, 0x000000078b000000, 0x000000078b800000|  0%| F|  |TAMS 0x000000078b000000, 0x000000078b000000| Untracked 
|1039|0x000000078b800000, 0x000000078b800000, 0x000000078c000000|  0%| F|  |TAMS 0x000000078b800000, 0x000000078b800000| Untracked 
|1040|0x000000078c000000, 0x000000078c000000, 0x000000078c800000|  0%| F|  |TAMS 0x000000078c000000, 0x000000078c000000| Untracked 
|1041|0x000000078c800000, 0x000000078c800000, 0x000000078d000000|  0%| F|  |TAMS 0x000000078c800000, 0x000000078c800000| Untracked 
|1042|0x000000078d000000, 0x000000078d000000, 0x000000078d800000|  0%| F|  |TAMS 0x000000078d000000, 0x000000078d000000| Untracked 
|1043|0x000000078d800000, 0x000000078d800000, 0x000000078e000000|  0%| F|  |TAMS 0x000000078d800000, 0x000000078d800000| Untracked 
|1044|0x000000078e000000, 0x000000078e000000, 0x000000078e800000|  0%| F|  |TAMS 0x000000078e000000, 0x000000078e000000| Untracked 
|1045|0x000000078e800000, 0x000000078e800000, 0x000000078f000000|  0%| F|  |TAMS 0x000000078e800000, 0x000000078e800000| Untracked 
|1046|0x000000078f000000, 0x000000078f000000, 0x000000078f800000|  0%| F|  |TAMS 0x000000078f000000, 0x000000078f000000| Untracked 
|1047|0x000000078f800000, 0x000000078f800000, 0x0000000790000000|  0%| F|  |TAMS 0x000000078f800000, 0x000000078f800000| Untracked 
|1048|0x0000000790000000, 0x0000000790000000, 0x0000000790800000|  0%| F|  |TAMS 0x0000000790000000, 0x0000000790000000| Untracked 
|1049|0x0000000790800000, 0x0000000790800000, 0x0000000791000000|  0%| F|  |TAMS 0x0000000790800000, 0x0000000790800000| Untracked 
|1050|0x0000000791000000, 0x0000000791000000, 0x0000000791800000|  0%| F|  |TAMS 0x0000000791000000, 0x0000000791000000| Untracked 
|1051|0x0000000791800000, 0x0000000791800000, 0x0000000792000000|  0%| F|  |TAMS 0x0000000791800000, 0x0000000791800000| Untracked 
|1052|0x0000000792000000, 0x0000000792000000, 0x0000000792800000|  0%| F|  |TAMS 0x0000000792000000, 0x0000000792000000| Untracked 
|1053|0x0000000792800000, 0x0000000792800000, 0x0000000793000000|  0%| F|  |TAMS 0x0000000792800000, 0x0000000792800000| Untracked 
|1054|0x0000000793000000, 0x0000000793000000, 0x0000000793800000|  0%| F|  |TAMS 0x0000000793000000, 0x0000000793000000| Untracked 
|1055|0x0000000793800000, 0x0000000793800000, 0x0000000794000000|  0%| F|  |TAMS 0x0000000793800000, 0x0000000793800000| Untracked 
|1056|0x0000000794000000, 0x0000000794000000, 0x0000000794800000|  0%| F|  |TAMS 0x0000000794000000, 0x0000000794000000| Untracked 
|1057|0x0000000794800000, 0x0000000794800000, 0x0000000795000000|  0%| F|  |TAMS 0x0000000794800000, 0x0000000794800000| Untracked 
|1058|0x0000000795000000, 0x0000000795000000, 0x0000000795800000|  0%| F|  |TAMS 0x0000000795000000, 0x0000000795000000| Untracked 
|1059|0x0000000795800000, 0x0000000795800000, 0x0000000796000000|  0%| F|  |TAMS 0x0000000795800000, 0x0000000795800000| Untracked 
|1060|0x0000000796000000, 0x0000000796000000, 0x0000000796800000|  0%| F|  |TAMS 0x0000000796000000, 0x0000000796000000| Untracked 
|1061|0x0000000796800000, 0x0000000796800000, 0x0000000797000000|  0%| F|  |TAMS 0x0000000796800000, 0x0000000796800000| Untracked 
|1062|0x0000000797000000, 0x0000000797000000, 0x0000000797800000|  0%| F|  |TAMS 0x0000000797000000, 0x0000000797000000| Untracked 
|1063|0x0000000797800000, 0x0000000797800000, 0x0000000798000000|  0%| F|  |TAMS 0x0000000797800000, 0x0000000797800000| Untracked 
|1064|0x0000000798000000, 0x0000000798000000, 0x0000000798800000|  0%| F|  |TAMS 0x0000000798000000, 0x0000000798000000| Untracked 
|1065|0x0000000798800000, 0x0000000798800000, 0x0000000799000000|  0%| F|  |TAMS 0x0000000798800000, 0x0000000798800000| Untracked 
|1066|0x0000000799000000, 0x0000000799000000, 0x0000000799800000|  0%| F|  |TAMS 0x0000000799000000, 0x0000000799000000| Untracked 
|1067|0x0000000799800000, 0x0000000799800000, 0x000000079a000000|  0%| F|  |TAMS 0x0000000799800000, 0x0000000799800000| Untracked 
|1068|0x000000079a000000, 0x000000079a000000, 0x000000079a800000|  0%| F|  |TAMS 0x000000079a000000, 0x000000079a000000| Untracked 
|1069|0x000000079a800000, 0x000000079a800000, 0x000000079b000000|  0%| F|  |TAMS 0x000000079a800000, 0x000000079a800000| Untracked 
|1070|0x000000079b000000, 0x000000079b000000, 0x000000079b800000|  0%| F|  |TAMS 0x000000079b000000, 0x000000079b000000| Untracked 
|1071|0x000000079b800000, 0x000000079b800000, 0x000000079c000000|  0%| F|  |TAMS 0x000000079b800000, 0x000000079b800000| Untracked 
|1072|0x000000079c000000, 0x000000079c000000, 0x000000079c800000|  0%| F|  |TAMS 0x000000079c000000, 0x000000079c000000| Untracked 
|1073|0x000000079c800000, 0x000000079c800000, 0x000000079d000000|  0%| F|  |TAMS 0x000000079c800000, 0x000000079c800000| Untracked 
|1074|0x000000079d000000, 0x000000079d000000, 0x000000079d800000|  0%| F|  |TAMS 0x000000079d000000, 0x000000079d000000| Untracked 
|1075|0x000000079d800000, 0x000000079d800000, 0x000000079e000000|  0%| F|  |TAMS 0x000000079d800000, 0x000000079d800000| Untracked 
|1076|0x000000079e000000, 0x000000079e000000, 0x000000079e800000|  0%| F|  |TAMS 0x000000079e000000, 0x000000079e000000| Untracked 
|1077|0x000000079e800000, 0x000000079e800000, 0x000000079f000000|  0%| F|  |TAMS 0x000000079e800000, 0x000000079e800000| Untracked 
|1078|0x000000079f000000, 0x000000079f000000, 0x000000079f800000|  0%| F|  |TAMS 0x000000079f000000, 0x000000079f000000| Untracked 
|1079|0x000000079f800000, 0x000000079f800000, 0x00000007a0000000|  0%| F|  |TAMS 0x000000079f800000, 0x000000079f800000| Untracked 
|1080|0x00000007a0000000, 0x00000007a0000000, 0x00000007a0800000|  0%| F|  |TAMS 0x00000007a0000000, 0x00000007a0000000| Untracked 
|1081|0x00000007a0800000, 0x00000007a0800000, 0x00000007a1000000|  0%| F|  |TAMS 0x00000007a0800000, 0x00000007a0800000| Untracked 
|1082|0x00000007a1000000, 0x00000007a1000000, 0x00000007a1800000|  0%| F|  |TAMS 0x00000007a1000000, 0x00000007a1000000| Untracked 
|1083|0x00000007a1800000, 0x00000007a1800000, 0x00000007a2000000|  0%| F|  |TAMS 0x00000007a1800000, 0x00000007a1800000| Untracked 
|1084|0x00000007a2000000, 0x00000007a2000000, 0x00000007a2800000|  0%| F|  |TAMS 0x00000007a2000000, 0x00000007a2000000| Untracked 
|1085|0x00000007a2800000, 0x00000007a2800000, 0x00000007a3000000|  0%| F|  |TAMS 0x00000007a2800000, 0x00000007a2800000| Untracked 
|1086|0x00000007a3000000, 0x00000007a3000000, 0x00000007a3800000|  0%| F|  |TAMS 0x00000007a3000000, 0x00000007a3000000| Untracked 
|1087|0x00000007a3800000, 0x00000007a3800000, 0x00000007a4000000|  0%| F|  |TAMS 0x00000007a3800000, 0x00000007a3800000| Untracked 
|1088|0x00000007a4000000, 0x00000007a4000000, 0x00000007a4800000|  0%| F|  |TAMS 0x00000007a4000000, 0x00000007a4000000| Untracked 
|1089|0x00000007a4800000, 0x00000007a4800000, 0x00000007a5000000|  0%| F|  |TAMS 0x00000007a4800000, 0x00000007a4800000| Untracked 
|1090|0x00000007a5000000, 0x00000007a5000000, 0x00000007a5800000|  0%| F|  |TAMS 0x00000007a5000000, 0x00000007a5000000| Untracked 
|1091|0x00000007a5800000, 0x00000007a5800000, 0x00000007a6000000|  0%| F|  |TAMS 0x00000007a5800000, 0x00000007a5800000| Untracked 
|1092|0x00000007a6000000, 0x00000007a6407780, 0x00000007a6800000| 50%| E|  |TAMS 0x00000007a6000000, 0x00000007a6000000| Complete 
|1093|0x00000007a6800000, 0x00000007a7000000, 0x00000007a7000000|100%| E|CS|TAMS 0x00000007a6800000, 0x00000007a6800000| Complete 
|1094|0x00000007a7000000, 0x00000007a7800000, 0x00000007a7800000|100%| E|CS|TAMS 0x00000007a7000000, 0x00000007a7000000| Complete 
|1095|0x00000007a7800000, 0x00000007a8000000, 0x00000007a8000000|100%| E|CS|TAMS 0x00000007a7800000, 0x00000007a7800000| Complete 
|1096|0x00000007a8000000, 0x00000007a8800000, 0x00000007a8800000|100%| E|CS|TAMS 0x00000007a8000000, 0x00000007a8000000| Complete 
|1097|0x00000007a8800000, 0x00000007a9000000, 0x00000007a9000000|100%| E|CS|TAMS 0x00000007a8800000, 0x00000007a8800000| Complete 
|1098|0x00000007a9000000, 0x00000007a9800000, 0x00000007a9800000|100%| E|CS|TAMS 0x00000007a9000000, 0x00000007a9000000| Complete 
|1099|0x00000007a9800000, 0x00000007aa000000, 0x00000007aa000000|100%| E|CS|TAMS 0x00000007a9800000, 0x00000007a9800000| Complete 
|1100|0x00000007aa000000, 0x00000007aa800000, 0x00000007aa800000|100%| E|CS|TAMS 0x00000007aa000000, 0x00000007aa000000| Complete 
|1101|0x00000007aa800000, 0x00000007ab000000, 0x00000007ab000000|100%| E|CS|TAMS 0x00000007aa800000, 0x00000007aa800000| Complete 
|1102|0x00000007ab000000, 0x00000007ab800000, 0x00000007ab800000|100%| E|CS|TAMS 0x00000007ab000000, 0x00000007ab000000| Complete 
|1103|0x00000007ab800000, 0x00000007ac000000, 0x00000007ac000000|100%| E|CS|TAMS 0x00000007ab800000, 0x00000007ab800000| Complete 
|1104|0x00000007ac000000, 0x00000007ac800000, 0x00000007ac800000|100%| E|CS|TAMS 0x00000007ac000000, 0x00000007ac000000| Complete 
|1105|0x00000007ac800000, 0x00000007ad000000, 0x00000007ad000000|100%| E|CS|TAMS 0x00000007ac800000, 0x00000007ac800000| Complete 
|1106|0x00000007ad000000, 0x00000007ad800000, 0x00000007ad800000|100%| E|CS|TAMS 0x00000007ad000000, 0x00000007ad000000| Complete 
|1107|0x00000007ad800000, 0x00000007ae000000, 0x00000007ae000000|100%| E|CS|TAMS 0x00000007ad800000, 0x00000007ad800000| Complete 
|1108|0x00000007ae000000, 0x00000007ae800000, 0x00000007ae800000|100%| E|CS|TAMS 0x00000007ae000000, 0x00000007ae000000| Complete 
|1109|0x00000007ae800000, 0x00000007af000000, 0x00000007af000000|100%| E|CS|TAMS 0x00000007ae800000, 0x00000007ae800000| Complete 
|1110|0x00000007af000000, 0x00000007af800000, 0x00000007af800000|100%| E|CS|TAMS 0x00000007af000000, 0x00000007af000000| Complete 
|1111|0x00000007af800000, 0x00000007b0000000, 0x00000007b0000000|100%| E|CS|TAMS 0x00000007af800000, 0x00000007af800000| Complete 
|1112|0x00000007b0000000, 0x00000007b0800000, 0x00000007b0800000|100%| E|CS|TAMS 0x00000007b0000000, 0x00000007b0000000| Complete 
|1113|0x00000007b0800000, 0x00000007b1000000, 0x00000007b1000000|100%| E|CS|TAMS 0x00000007b0800000, 0x00000007b0800000| Complete 
|1114|0x00000007b1000000, 0x00000007b1800000, 0x00000007b1800000|100%| E|CS|TAMS 0x00000007b1000000, 0x00000007b1000000| Complete 
|1115|0x00000007b1800000, 0x00000007b2000000, 0x00000007b2000000|100%| E|CS|TAMS 0x00000007b1800000, 0x00000007b1800000| Complete 
|1116|0x00000007b2000000, 0x00000007b2800000, 0x00000007b2800000|100%| E|CS|TAMS 0x00000007b2000000, 0x00000007b2000000| Complete 
|1117|0x00000007b2800000, 0x00000007b3000000, 0x00000007b3000000|100%| E|CS|TAMS 0x00000007b2800000, 0x00000007b2800000| Complete 
|1118|0x00000007b3000000, 0x00000007b3800000, 0x00000007b3800000|100%| E|CS|TAMS 0x00000007b3000000, 0x00000007b3000000| Complete 
|1119|0x00000007b3800000, 0x00000007b4000000, 0x00000007b4000000|100%| E|CS|TAMS 0x00000007b3800000, 0x00000007b3800000| Complete 
|1120|0x00000007b4000000, 0x00000007b4800000, 0x00000007b4800000|100%| E|CS|TAMS 0x00000007b4000000, 0x00000007b4000000| Complete 
|1121|0x00000007b4800000, 0x00000007b5000000, 0x00000007b5000000|100%| E|CS|TAMS 0x00000007b4800000, 0x00000007b4800000| Complete 
|1122|0x00000007b5000000, 0x00000007b5800000, 0x00000007b5800000|100%| E|CS|TAMS 0x00000007b5000000, 0x00000007b5000000| Complete 
|1123|0x00000007b5800000, 0x00000007b6000000, 0x00000007b6000000|100%| E|CS|TAMS 0x00000007b5800000, 0x00000007b5800000| Complete 
|1124|0x00000007b6000000, 0x00000007b6800000, 0x00000007b6800000|100%| E|CS|TAMS 0x00000007b6000000, 0x00000007b6000000| Complete 
|1125|0x00000007b6800000, 0x00000007b7000000, 0x00000007b7000000|100%| E|CS|TAMS 0x00000007b6800000, 0x00000007b6800000| Complete 
|1126|0x00000007b7000000, 0x00000007b7800000, 0x00000007b7800000|100%| E|CS|TAMS 0x00000007b7000000, 0x00000007b7000000| Complete 
|1127|0x00000007b7800000, 0x00000007b8000000, 0x00000007b8000000|100%| E|CS|TAMS 0x00000007b7800000, 0x00000007b7800000| Complete 
|1128|0x00000007b8000000, 0x00000007b8800000, 0x00000007b8800000|100%| E|CS|TAMS 0x00000007b8000000, 0x00000007b8000000| Complete 
|1129|0x00000007b8800000, 0x00000007b9000000, 0x00000007b9000000|100%| E|CS|TAMS 0x00000007b8800000, 0x00000007b8800000| Complete 
|1130|0x00000007b9000000, 0x00000007b9800000, 0x00000007b9800000|100%| E|CS|TAMS 0x00000007b9000000, 0x00000007b9000000| Complete 
|1131|0x00000007b9800000, 0x00000007ba000000, 0x00000007ba000000|100%| E|CS|TAMS 0x00000007b9800000, 0x00000007b9800000| Complete 
|1132|0x00000007ba000000, 0x00000007ba800000, 0x00000007ba800000|100%| E|CS|TAMS 0x00000007ba000000, 0x00000007ba000000| Complete 
|1133|0x00000007ba800000, 0x00000007bb000000, 0x00000007bb000000|100%| E|CS|TAMS 0x00000007ba800000, 0x00000007ba800000| Complete 
|1134|0x00000007bb000000, 0x00000007bb800000, 0x00000007bb800000|100%| E|CS|TAMS 0x00000007bb000000, 0x00000007bb000000| Complete 
|1135|0x00000007bb800000, 0x00000007bc000000, 0x00000007bc000000|100%| E|CS|TAMS 0x00000007bb800000, 0x00000007bb800000| Complete 
|1136|0x00000007bc000000, 0x00000007bc800000, 0x00000007bc800000|100%| E|CS|TAMS 0x00000007bc000000, 0x00000007bc000000| Complete 
|1137|0x00000007bc800000, 0x00000007bd000000, 0x00000007bd000000|100%| E|CS|TAMS 0x00000007bc800000, 0x00000007bc800000| Complete 
|1138|0x00000007bd000000, 0x00000007bd800000, 0x00000007bd800000|100%| E|CS|TAMS 0x00000007bd000000, 0x00000007bd000000| Complete 
|1139|0x00000007bd800000, 0x00000007be000000, 0x00000007be000000|100%| E|CS|TAMS 0x00000007bd800000, 0x00000007bd800000| Complete 
|1140|0x00000007be000000, 0x00000007be800000, 0x00000007be800000|100%| E|CS|TAMS 0x00000007be000000, 0x00000007be000000| Complete 
|1141|0x00000007be800000, 0x00000007bf000000, 0x00000007bf000000|100%| E|CS|TAMS 0x00000007be800000, 0x00000007be800000| Complete 
|1142|0x00000007bf000000, 0x00000007bf800000, 0x00000007bf800000|100%| E|CS|TAMS 0x00000007bf000000, 0x00000007bf000000| Complete 
|1143|0x00000007bf800000, 0x00000007c0000000, 0x00000007c0000000|100%| E|CS|TAMS 0x00000007bf800000, 0x00000007bf800000| Complete 
|1144|0x00000007c0000000, 0x00000007c0800000, 0x00000007c0800000|100%| E|CS|TAMS 0x00000007c0000000, 0x00000007c0000000| Complete 
|1145|0x00000007c0800000, 0x00000007c1000000, 0x00000007c1000000|100%| E|CS|TAMS 0x00000007c0800000, 0x00000007c0800000| Complete 
|1146|0x00000007c1000000, 0x00000007c1800000, 0x00000007c1800000|100%| E|CS|TAMS 0x00000007c1000000, 0x00000007c1000000| Complete 
|1147|0x00000007c1800000, 0x00000007c2000000, 0x00000007c2000000|100%| E|CS|TAMS 0x00000007c1800000, 0x00000007c1800000| Complete 
|1148|0x00000007c2000000, 0x00000007c2800000, 0x00000007c2800000|100%| E|CS|TAMS 0x00000007c2000000, 0x00000007c2000000| Complete 
|1149|0x00000007c2800000, 0x00000007c3000000, 0x00000007c3000000|100%| E|CS|TAMS 0x00000007c2800000, 0x00000007c2800000| Complete 
|1150|0x00000007c3000000, 0x00000007c3800000, 0x00000007c3800000|100%| E|CS|TAMS 0x00000007c3000000, 0x00000007c3000000| Complete 
|1151|0x00000007c3800000, 0x00000007c4000000, 0x00000007c4000000|100%| E|CS|TAMS 0x00000007c3800000, 0x00000007c3800000| Complete 
|1152|0x00000007c4000000, 0x00000007c4800000, 0x00000007c4800000|100%| E|CS|TAMS 0x00000007c4000000, 0x00000007c4000000| Complete 
|1153|0x00000007c4800000, 0x00000007c5000000, 0x00000007c5000000|100%| E|CS|TAMS 0x00000007c4800000, 0x00000007c4800000| Complete 
|1154|0x00000007c5000000, 0x00000007c5800000, 0x00000007c5800000|100%| E|CS|TAMS 0x00000007c5000000, 0x00000007c5000000| Complete 
|1155|0x00000007c5800000, 0x00000007c6000000, 0x00000007c6000000|100%| E|CS|TAMS 0x00000007c5800000, 0x00000007c5800000| Complete 
|1156|0x00000007c6000000, 0x00000007c6800000, 0x00000007c6800000|100%| E|CS|TAMS 0x00000007c6000000, 0x00000007c6000000| Complete 
|1157|0x00000007c6800000, 0x00000007c7000000, 0x00000007c7000000|100%| E|CS|TAMS 0x00000007c6800000, 0x00000007c6800000| Complete 
|1158|0x00000007c7000000, 0x00000007c7800000, 0x00000007c7800000|100%| E|CS|TAMS 0x00000007c7000000, 0x00000007c7000000| Complete 
|1159|0x00000007c7800000, 0x00000007c8000000, 0x00000007c8000000|100%| E|CS|TAMS 0x00000007c7800000, 0x00000007c7800000| Complete 
|1160|0x00000007c8000000, 0x00000007c8800000, 0x00000007c8800000|100%| E|CS|TAMS 0x00000007c8000000, 0x00000007c8000000| Complete 
|1161|0x00000007c8800000, 0x00000007c9000000, 0x00000007c9000000|100%| E|CS|TAMS 0x00000007c8800000, 0x00000007c8800000| Complete 
|1162|0x00000007c9000000, 0x00000007c9800000, 0x00000007c9800000|100%| E|CS|TAMS 0x00000007c9000000, 0x00000007c9000000| Complete 
|1163|0x00000007c9800000, 0x00000007ca000000, 0x00000007ca000000|100%| E|CS|TAMS 0x00000007c9800000, 0x00000007c9800000| Complete 
|1164|0x00000007ca000000, 0x00000007ca800000, 0x00000007ca800000|100%| E|CS|TAMS 0x00000007ca000000, 0x00000007ca000000| Complete 
|1165|0x00000007ca800000, 0x00000007cb000000, 0x00000007cb000000|100%| E|CS|TAMS 0x00000007ca800000, 0x00000007ca800000| Complete 
|1166|0x00000007cb000000, 0x00000007cb800000, 0x00000007cb800000|100%| E|CS|TAMS 0x00000007cb000000, 0x00000007cb000000| Complete 
|1167|0x00000007cb800000, 0x00000007cc000000, 0x00000007cc000000|100%| E|CS|TAMS 0x00000007cb800000, 0x00000007cb800000| Complete 
|1168|0x00000007cc000000, 0x00000007cc800000, 0x00000007cc800000|100%| E|CS|TAMS 0x00000007cc000000, 0x00000007cc000000| Complete 
|1169|0x00000007cc800000, 0x00000007cd000000, 0x00000007cd000000|100%| E|CS|TAMS 0x00000007cc800000, 0x00000007cc800000| Complete 
|1170|0x00000007cd000000, 0x00000007cd800000, 0x00000007cd800000|100%| E|CS|TAMS 0x00000007cd000000, 0x00000007cd000000| Complete 
|1171|0x00000007cd800000, 0x00000007ce000000, 0x00000007ce000000|100%| E|CS|TAMS 0x00000007cd800000, 0x00000007cd800000| Complete 
|1172|0x00000007ce000000, 0x00000007ce800000, 0x00000007ce800000|100%| E|CS|TAMS 0x00000007ce000000, 0x00000007ce000000| Complete 
|1173|0x00000007ce800000, 0x00000007cf000000, 0x00000007cf000000|100%| E|CS|TAMS 0x00000007ce800000, 0x00000007ce800000| Complete 
|1174|0x00000007cf000000, 0x00000007cf800000, 0x00000007cf800000|100%| E|CS|TAMS 0x00000007cf000000, 0x00000007cf000000| Complete 
|1175|0x00000007cf800000, 0x00000007d0000000, 0x00000007d0000000|100%| E|CS|TAMS 0x00000007cf800000, 0x00000007cf800000| Complete 
|1176|0x00000007d0000000, 0x00000007d0800000, 0x00000007d0800000|100%| E|CS|TAMS 0x00000007d0000000, 0x00000007d0000000| Complete 
|1177|0x00000007d0800000, 0x00000007d1000000, 0x00000007d1000000|100%| E|CS|TAMS 0x00000007d0800000, 0x00000007d0800000| Complete 
|1178|0x00000007d1000000, 0x00000007d1800000, 0x00000007d1800000|100%| E|CS|TAMS 0x00000007d1000000, 0x00000007d1000000| Complete 
|1179|0x00000007d1800000, 0x00000007d2000000, 0x00000007d2000000|100%| E|CS|TAMS 0x00000007d1800000, 0x00000007d1800000| Complete 
|1180|0x00000007d2000000, 0x00000007d2800000, 0x00000007d2800000|100%| E|CS|TAMS 0x00000007d2000000, 0x00000007d2000000| Complete 
|1181|0x00000007d2800000, 0x00000007d3000000, 0x00000007d3000000|100%| E|CS|TAMS 0x00000007d2800000, 0x00000007d2800000| Complete 
|1182|0x00000007d3000000, 0x00000007d3800000, 0x00000007d3800000|100%| E|CS|TAMS 0x00000007d3000000, 0x00000007d3000000| Complete 
|1183|0x00000007d3800000, 0x00000007d4000000, 0x00000007d4000000|100%| E|CS|TAMS 0x00000007d3800000, 0x00000007d3800000| Complete 
|1184|0x00000007d4000000, 0x00000007d4800000, 0x00000007d4800000|100%| E|CS|TAMS 0x00000007d4000000, 0x00000007d4000000| Complete 
|1185|0x00000007d4800000, 0x00000007d5000000, 0x00000007d5000000|100%| E|CS|TAMS 0x00000007d4800000, 0x00000007d4800000| Complete 
|1186|0x00000007d5000000, 0x00000007d5800000, 0x00000007d5800000|100%| E|CS|TAMS 0x00000007d5000000, 0x00000007d5000000| Complete 
|1187|0x00000007d5800000, 0x00000007d6000000, 0x00000007d6000000|100%| E|CS|TAMS 0x00000007d5800000, 0x00000007d5800000| Complete 
|1188|0x00000007d6000000, 0x00000007d6800000, 0x00000007d6800000|100%| E|CS|TAMS 0x00000007d6000000, 0x00000007d6000000| Complete 
|1189|0x00000007d6800000, 0x00000007d7000000, 0x00000007d7000000|100%| E|CS|TAMS 0x00000007d6800000, 0x00000007d6800000| Complete 
|1190|0x00000007d7000000, 0x00000007d7800000, 0x00000007d7800000|100%| E|CS|TAMS 0x00000007d7000000, 0x00000007d7000000| Complete 
|1191|0x00000007d7800000, 0x00000007d8000000, 0x00000007d8000000|100%| E|CS|TAMS 0x00000007d7800000, 0x00000007d7800000| Complete 
|1192|0x00000007d8000000, 0x00000007d8800000, 0x00000007d8800000|100%| E|CS|TAMS 0x00000007d8000000, 0x00000007d8000000| Complete 
|1193|0x00000007d8800000, 0x00000007d9000000, 0x00000007d9000000|100%| E|CS|TAMS 0x00000007d8800000, 0x00000007d8800000| Complete 
|1194|0x00000007d9000000, 0x00000007d9800000, 0x00000007d9800000|100%| E|CS|TAMS 0x00000007d9000000, 0x00000007d9000000| Complete 
|1195|0x00000007d9800000, 0x00000007da000000, 0x00000007da000000|100%| E|CS|TAMS 0x00000007d9800000, 0x00000007d9800000| Complete 
|1196|0x00000007da000000, 0x00000007da800000, 0x00000007da800000|100%| E|CS|TAMS 0x00000007da000000, 0x00000007da000000| Complete 
|1197|0x00000007da800000, 0x00000007db000000, 0x00000007db000000|100%| E|CS|TAMS 0x00000007da800000, 0x00000007da800000| Complete 
|1198|0x00000007db000000, 0x00000007db800000, 0x00000007db800000|100%| E|CS|TAMS 0x00000007db000000, 0x00000007db000000| Complete 
|1199|0x00000007db800000, 0x00000007dc000000, 0x00000007dc000000|100%| E|CS|TAMS 0x00000007db800000, 0x00000007db800000| Complete 
|1200|0x00000007dc000000, 0x00000007dc800000, 0x00000007dc800000|100%| E|CS|TAMS 0x00000007dc000000, 0x00000007dc000000| Complete 
|1201|0x00000007dc800000, 0x00000007dd000000, 0x00000007dd000000|100%| E|CS|TAMS 0x00000007dc800000, 0x00000007dc800000| Complete 
|1202|0x00000007dd000000, 0x00000007dd800000, 0x00000007dd800000|100%| E|CS|TAMS 0x00000007dd000000, 0x00000007dd000000| Complete 
|1203|0x00000007dd800000, 0x00000007de000000, 0x00000007de000000|100%| E|CS|TAMS 0x00000007dd800000, 0x00000007dd800000| Complete 
|1204|0x00000007de000000, 0x00000007de800000, 0x00000007de800000|100%| E|CS|TAMS 0x00000007de000000, 0x00000007de000000| Complete 
|1205|0x00000007de800000, 0x00000007df000000, 0x00000007df000000|100%| E|CS|TAMS 0x00000007de800000, 0x00000007de800000| Complete 
|1206|0x00000007df000000, 0x00000007df800000, 0x00000007df800000|100%| E|CS|TAMS 0x00000007df000000, 0x00000007df000000| Complete 
|1207|0x00000007df800000, 0x00000007e0000000, 0x00000007e0000000|100%| E|CS|TAMS 0x00000007df800000, 0x00000007df800000| Complete 
|1208|0x00000007e0000000, 0x00000007e0800000, 0x00000007e0800000|100%| E|CS|TAMS 0x00000007e0000000, 0x00000007e0000000| Complete 
|1209|0x00000007e0800000, 0x00000007e1000000, 0x00000007e1000000|100%| E|CS|TAMS 0x00000007e0800000, 0x00000007e0800000| Complete 
|1210|0x00000007e1000000, 0x00000007e1800000, 0x00000007e1800000|100%| E|CS|TAMS 0x00000007e1000000, 0x00000007e1000000| Complete 
|1211|0x00000007e1800000, 0x00000007e2000000, 0x00000007e2000000|100%| E|CS|TAMS 0x00000007e1800000, 0x00000007e1800000| Complete 
|1212|0x00000007e2000000, 0x00000007e2800000, 0x00000007e2800000|100%| E|CS|TAMS 0x00000007e2000000, 0x00000007e2000000| Complete 
|1213|0x00000007e2800000, 0x00000007e3000000, 0x00000007e3000000|100%| E|CS|TAMS 0x00000007e2800000, 0x00000007e2800000| Complete 
|1214|0x00000007e3000000, 0x00000007e3800000, 0x00000007e3800000|100%| E|CS|TAMS 0x00000007e3000000, 0x00000007e3000000| Complete 
|1215|0x00000007e3800000, 0x00000007e4000000, 0x00000007e4000000|100%| E|CS|TAMS 0x00000007e3800000, 0x00000007e3800000| Complete 
|1216|0x00000007e4000000, 0x00000007e4800000, 0x00000007e4800000|100%| E|CS|TAMS 0x00000007e4000000, 0x00000007e4000000| Complete 
|1217|0x00000007e4800000, 0x00000007e5000000, 0x00000007e5000000|100%| E|CS|TAMS 0x00000007e4800000, 0x00000007e4800000| Complete 
|1218|0x00000007e5000000, 0x00000007e5800000, 0x00000007e5800000|100%| E|CS|TAMS 0x00000007e5000000, 0x00000007e5000000| Complete 
|1219|0x00000007e5800000, 0x00000007e6000000, 0x00000007e6000000|100%| E|CS|TAMS 0x00000007e5800000, 0x00000007e5800000| Complete 
|1220|0x00000007e6000000, 0x00000007e6800000, 0x00000007e6800000|100%| E|CS|TAMS 0x00000007e6000000, 0x00000007e6000000| Complete 
|1221|0x00000007e6800000, 0x00000007e7000000, 0x00000007e7000000|100%| E|CS|TAMS 0x00000007e6800000, 0x00000007e6800000| Complete 
|1222|0x00000007e7000000, 0x00000007e7800000, 0x00000007e7800000|100%| E|CS|TAMS 0x00000007e7000000, 0x00000007e7000000| Complete 
|1223|0x00000007e7800000, 0x00000007e8000000, 0x00000007e8000000|100%| E|CS|TAMS 0x00000007e7800000, 0x00000007e7800000| Complete 
|1224|0x00000007e8000000, 0x00000007e8800000, 0x00000007e8800000|100%| E|CS|TAMS 0x00000007e8000000, 0x00000007e8000000| Complete 
|1225|0x00000007e8800000, 0x00000007e9000000, 0x00000007e9000000|100%| E|CS|TAMS 0x00000007e8800000, 0x00000007e8800000| Complete 
|1226|0x00000007e9000000, 0x00000007e9800000, 0x00000007e9800000|100%| E|CS|TAMS 0x00000007e9000000, 0x00000007e9000000| Complete 
|1227|0x00000007e9800000, 0x00000007ea000000, 0x00000007ea000000|100%| E|CS|TAMS 0x00000007e9800000, 0x00000007e9800000| Complete 
|1228|0x00000007ea000000, 0x00000007ea800000, 0x00000007ea800000|100%| E|CS|TAMS 0x00000007ea000000, 0x00000007ea000000| Complete 
|1229|0x00000007ea800000, 0x00000007eb000000, 0x00000007eb000000|100%| E|CS|TAMS 0x00000007ea800000, 0x00000007ea800000| Complete 
|1230|0x00000007eb000000, 0x00000007eb800000, 0x00000007eb800000|100%| E|CS|TAMS 0x00000007eb000000, 0x00000007eb000000| Complete 
|1231|0x00000007eb800000, 0x00000007ec000000, 0x00000007ec000000|100%| E|CS|TAMS 0x00000007eb800000, 0x00000007eb800000| Complete 
|1232|0x00000007ec000000, 0x00000007ec800000, 0x00000007ec800000|100%| E|CS|TAMS 0x00000007ec000000, 0x00000007ec000000| Complete 
|1233|0x00000007ec800000, 0x00000007ed000000, 0x00000007ed000000|100%| E|CS|TAMS 0x00000007ec800000, 0x00000007ec800000| Complete 
|1234|0x00000007ed000000, 0x00000007ed800000, 0x00000007ed800000|100%| E|CS|TAMS 0x00000007ed000000, 0x00000007ed000000| Complete 
|1235|0x00000007ed800000, 0x00000007ee000000, 0x00000007ee000000|100%| E|CS|TAMS 0x00000007ed800000, 0x00000007ed800000| Complete 
|1236|0x00000007ee000000, 0x00000007ee800000, 0x00000007ee800000|100%| E|CS|TAMS 0x00000007ee000000, 0x00000007ee000000| Complete 
|1237|0x00000007ee800000, 0x00000007ef000000, 0x00000007ef000000|100%| E|CS|TAMS 0x00000007ee800000, 0x00000007ee800000| Complete 
|1238|0x00000007ef000000, 0x00000007ef800000, 0x00000007ef800000|100%| E|CS|TAMS 0x00000007ef000000, 0x00000007ef000000| Complete 
|1239|0x00000007ef800000, 0x00000007f0000000, 0x00000007f0000000|100%| E|CS|TAMS 0x00000007ef800000, 0x00000007ef800000| Complete 
|1240|0x00000007f0000000, 0x00000007f0800000, 0x00000007f0800000|100%| E|CS|TAMS 0x00000007f0000000, 0x00000007f0000000| Complete 
|1241|0x00000007f0800000, 0x00000007f1000000, 0x00000007f1000000|100%| E|CS|TAMS 0x00000007f0800000, 0x00000007f0800000| Complete 
|1242|0x00000007f1000000, 0x00000007f1800000, 0x00000007f1800000|100%| E|CS|TAMS 0x00000007f1000000, 0x00000007f1000000| Complete 
|1243|0x00000007f1800000, 0x00000007f2000000, 0x00000007f2000000|100%| E|CS|TAMS 0x00000007f1800000, 0x00000007f1800000| Complete 
|1244|0x00000007f2000000, 0x00000007f2800000, 0x00000007f2800000|100%| E|CS|TAMS 0x00000007f2000000, 0x00000007f2000000| Complete 
|1245|0x00000007f2800000, 0x00000007f3000000, 0x00000007f3000000|100%| E|CS|TAMS 0x00000007f2800000, 0x00000007f2800000| Complete 
|1246|0x00000007f3000000, 0x00000007f3800000, 0x00000007f3800000|100%| E|CS|TAMS 0x00000007f3000000, 0x00000007f3000000| Complete 
|1247|0x00000007f3800000, 0x00000007f4000000, 0x00000007f4000000|100%| E|CS|TAMS 0x00000007f3800000, 0x00000007f3800000| Complete 
|1248|0x00000007f4000000, 0x00000007f4800000, 0x00000007f4800000|100%| E|CS|TAMS 0x00000007f4000000, 0x00000007f4000000| Complete 
|1249|0x00000007f4800000, 0x00000007f5000000, 0x00000007f5000000|100%| E|CS|TAMS 0x00000007f4800000, 0x00000007f4800000| Complete 
|1250|0x00000007f5000000, 0x00000007f5800000, 0x00000007f5800000|100%| E|CS|TAMS 0x00000007f5000000, 0x00000007f5000000| Complete 
|1251|0x00000007f5800000, 0x00000007f6000000, 0x00000007f6000000|100%| E|CS|TAMS 0x00000007f5800000, 0x00000007f5800000| Complete 
|1252|0x00000007f6000000, 0x00000007f6800000, 0x00000007f6800000|100%| E|CS|TAMS 0x00000007f6000000, 0x00000007f6000000| Complete 
|1253|0x00000007f6800000, 0x00000007f7000000, 0x00000007f7000000|100%| E|CS|TAMS 0x00000007f6800000, 0x00000007f6800000| Complete 
|1254|0x00000007f7000000, 0x00000007f7800000, 0x00000007f7800000|100%| E|CS|TAMS 0x00000007f7000000, 0x00000007f7000000| Complete 
|1255|0x00000007f7800000, 0x00000007f8000000, 0x00000007f8000000|100%| E|CS|TAMS 0x00000007f7800000, 0x00000007f7800000| Complete 
|1256|0x00000007f8000000, 0x00000007f8800000, 0x00000007f8800000|100%| E|CS|TAMS 0x00000007f8000000, 0x00000007f8000000| Complete 
|1257|0x00000007f8800000, 0x00000007f9000000, 0x00000007f9000000|100%| E|CS|TAMS 0x00000007f8800000, 0x00000007f8800000| Complete 
|1258|0x00000007f9000000, 0x00000007f9800000, 0x00000007f9800000|100%| E|CS|TAMS 0x00000007f9000000, 0x00000007f9000000| Complete 
|1259|0x00000007f9800000, 0x00000007fa000000, 0x00000007fa000000|100%| E|CS|TAMS 0x00000007f9800000, 0x00000007f9800000| Complete 
|1260|0x00000007fa000000, 0x00000007fa800000, 0x00000007fa800000|100%| E|CS|TAMS 0x00000007fa000000, 0x00000007fa000000| Complete 
|1261|0x00000007fa800000, 0x00000007fb000000, 0x00000007fb000000|100%| E|CS|TAMS 0x00000007fa800000, 0x00000007fa800000| Complete 
|1262|0x00000007fb000000, 0x00000007fb800000, 0x00000007fb800000|100%| E|CS|TAMS 0x00000007fb000000, 0x00000007fb000000| Complete 
|1263|0x00000007fb800000, 0x00000007fc000000, 0x00000007fc000000|100%| E|CS|TAMS 0x00000007fb800000, 0x00000007fb800000| Complete 
|1264|0x00000007fc000000, 0x00000007fc800000, 0x00000007fc800000|100%| E|CS|TAMS 0x00000007fc000000, 0x00000007fc000000| Complete 
|1265|0x00000007fc800000, 0x00000007fd000000, 0x00000007fd000000|100%| E|CS|TAMS 0x00000007fc800000, 0x00000007fc800000| Complete 
|1266|0x00000007fd000000, 0x00000007fd800000, 0x00000007fd800000|100%| E|CS|TAMS 0x00000007fd000000, 0x00000007fd000000| Complete 
|1267|0x00000007fd800000, 0x00000007fe000000, 0x00000007fe000000|100%| E|CS|TAMS 0x00000007fd800000, 0x00000007fd800000| Complete 
|1268|0x00000007fe000000, 0x00000007fe800000, 0x00000007fe800000|100%| E|CS|TAMS 0x00000007fe000000, 0x00000007fe000000| Complete 
|1269|0x00000007fe800000, 0x00000007ff000000, 0x00000007ff000000|100%| E|CS|TAMS 0x00000007fe800000, 0x00000007fe800000| Complete 
|1270|0x00000007ff000000, 0x00000007ff800000, 0x00000007ff800000|100%| E|CS|TAMS 0x00000007ff000000, 0x00000007ff000000| Complete 
|1271|0x00000007ff800000, 0x0000000800000000, 0x0000000800000000|100%| E|CS|TAMS 0x00000007ff800000, 0x00000007ff800000| Complete 

Card table byte_map: [0x00000228ef670000,0x00000228f0a50000] _byte_map_base: 0x00000228eca50000

Marking Bits (Prev, Next): (CMBitMap*) 0x00000228fbdb1b80, (CMBitMap*) 0x00000228fbdb1b40
 Prev Bits: [0x0000022880000000, 0x0000022889f00000)
 Next Bits: [0x00000228f1e30000, 0x00000228fbd30000)

Polling page: 0x00000228d7c00000

Metaspace:

Usage:
  Non-class:    431.88 MB used.
      Class:     92.09 MB used.
       Both:    523.98 MB used.

Virtual space:
  Non-class space:      448.00 MB reserved,     434.56 MB ( 97%) committed,  7 nodes.
      Class space:        1.00 GB reserved,      93.94 MB (  9%) committed,  1 nodes.
             Both:        1.44 GB reserved,     528.50 MB ( 36%) committed. 

Chunk freelists:
   Non-Class:  12.98 MB
       Class:  2.07 MB
        Both:  15.06 MB

MaxMetaspaceSize: unlimited
CompressedClassSpaceSize: 1.00 GB
Initial GC threshold: 21.00 MB
Current GC threshold: 880.56 MB
CDS: on
MetaspaceReclaimPolicy: balanced
 - commit_granule_bytes: 65536.
 - commit_granule_words: 8192.
 - virtual_space_node_default_size: 8388608.
 - enlarge_chunks_in_place: 1.
 - new_chunks_are_fully_committed: 0.
 - uncommit_free_chunks: 1.
 - use_allocation_guard: 0.
 - handle_deallocations: 1.


Internal statistics:

num_allocs_failed_limit: 595.
num_arena_births: 7270.
num_arena_deaths: 70.
num_vsnodes_births: 8.
num_vsnodes_deaths: 0.
num_space_committed: 8438.
num_space_uncommitted: 0.
num_chunks_returned_to_freelist: 699.
num_chunks_taken_from_freelist: 30260.
num_chunk_merges: 620.
num_chunk_splits: 21650.
num_chunks_enlarged: 15577.
num_inconsistent_stats: 0.

CodeHeap 'non-profiled nmethods': size=119168Kb used=117983Kb max_used=117983Kb free=1184Kb
 bounds [0x00000228e5e80000, 0x00000228ed1c0000, 0x00000228ed2e0000]
CodeHeap 'profiled nmethods': size=119104Kb used=86396Kb max_used=99744Kb free=32707Kb
 bounds [0x00000228de2e0000, 0x00000228e44c0000, 0x00000228e5730000]
CodeHeap 'non-nmethods': size=7488Kb used=4263Kb max_used=5984Kb free=3224Kb
 bounds [0x00000228e5730000, 0x00000228e5d20000, 0x00000228e5e80000]
 total_blobs=66598 nmethods=62212 adapters=4287
 compilation: enabled
              stopped_count=0, restarted_count=0
 full_count=0

Compilation events (20 events):
Event: 2459.227 Thread 0x00000228fbf802a0 99567       1       net.minecraft.network.protocol.game.ServerboundUseItemOnPacket::m_134703_ (5 bytes)
Event: 2459.227 Thread 0x00000228fbf802a0 nmethod 99567 0x00000228eab41390 code [0x00000228eab41520, 0x00000228eab415f8]
Event: 2459.227 Thread 0x00000228fbf802a0 99568       1       net.minecraft.network.protocol.game.ServerboundUseItemOnPacket::m_134706_ (5 bytes)
Event: 2459.227 Thread 0x00000228fbf802a0 nmethod 99568 0x00000228eab41090 code [0x00000228eab41220, 0x00000228eab412f8]
Event: 2459.519 Thread 0x00000228fbf7d980 99569       4       net.mehvahdjukaar.supplementaries.client.RopeSlideSoundInstance::m_7767_ (26 bytes)
Event: 2459.524 Thread 0x00000228fbf7d980 nmethod 99569 0x00000228eab40390 code [0x00000228eab40580, 0x00000228eab40ac8]
Event: 2459.753 Thread 0x00000228fbf7d980 99570   !   4       org.mtr.mod.render.WorkerThread::runTick (126 bytes)
Event: 2459.816 Thread 0x00000228fbf7d980 nmethod 99570 0x00000228ed1b0310 code [0x00000228ed1b0720, 0x00000228ed1b2e78]
Event: 2460.572 Thread 0x00000228fbf7d980 99571       4       net.mehvahdjukaar.supplementaries.client.RopeSlideSoundInstance::m_119609_ (6 bytes)
Event: 2460.572 Thread 0x00000228fbf7d980 nmethod 99571 0x00000228eab40090 code [0x00000228eab40200, 0x00000228eab40278]
Event: 2461.470 Thread 0x00000228fbf7d980 99572       4       net.minecraft.world.entity.ai.util.GoalUtils::m_148458_ (26 bytes)
Event: 2461.477 Thread 0x00000228fbf7d980 nmethod 99572 0x00000228eab3f110 code [0x00000228eab3f340, 0x00000228eab3f9a8]
Event: 2461.984 Thread 0x00000228fbf7d980 99573       4       mezz.jei.common.util.QuadUtil::getQuadsFacingDirection (51 bytes)
Event: 2462.005 Thread 0x00000228fbf7d980 nmethod 99573 0x00000228ed1b4c10 code [0x00000228ed1b4e80, 0x00000228ed1b5fa0]
Event: 2462.922 Thread 0x00000228fbf7d980 99578       4       snownee.jade.impl.Tooltip$Line::<init> (28 bytes)
Event: 2462.924 Thread 0x00000228fbf7d980 nmethod 99578 0x00000228ed1b6b90 code [0x00000228ed1b6d20, 0x00000228ed1b7018]
Event: 2464.186 Thread 0x00000228fbf7d980 99579       4       net.minecraft.client.renderer.LevelRenderer$$Lambda$56008/0x0000022890c2cb68::call (5 bytes)
Event: 2464.189 Thread 0x00000228fbf7d980 nmethod 99579 0x00000228ed1b7110 code [0x00000228ed1b72e0, 0x00000228ed1b77c8]
Event: 2464.669 Thread 0x00000228fbf7d980 99580       4       icyllis.arc3d.core.RefCnt::unref (70 bytes)
Event: 2464.670 Thread 0x00000228fbf7d980 nmethod 99580 0x00000228eab3e090 code [0x00000228eab3e200, 0x00000228eab3e2b8]

GC Heap History (20 events):
Event: 2389.955 GC heap before
{Heap before GC invocations=550 (full 0):
 garbage-first heap   total 10420224K, used 9319673K [0x0000000584000000, 0x0000000800000000)
  region size 8192K, 250 young (2048000K), 1 survivors (8192K)
 Metaspace       used 536241K, committed 540864K, reserved 1507328K
  class space    used 94265K, committed 96192K, reserved 1048576K
}
Event: 2389.961 GC heap after
{Heap after GC invocations=551 (full 0):
 garbage-first heap   total 10420224K, used 7280384K [0x0000000584000000, 0x0000000800000000)
  region size 8192K, 2 young (16384K), 2 survivors (16384K)
 Metaspace       used 536241K, committed 540864K, reserved 1507328K
  class space    used 94265K, committed 96192K, reserved 1048576K
}
Event: 2399.417 GC heap before
{Heap before GC invocations=552 (full 0):
 garbage-first heap   total 10420224K, used 9320192K [0x0000000584000000, 0x0000000800000000)
  region size 8192K, 251 young (2056192K), 2 survivors (16384K)
 Metaspace       used 536256K, committed 540864K, reserved 1507328K
  class space    used 94265K, committed 96192K, reserved 1048576K
}
Event: 2399.424 GC heap after
{Heap after GC invocations=553 (full 0):
 garbage-first heap   total 10420224K, used 7282353K [0x0000000584000000, 0x0000000800000000)
  region size 8192K, 2 young (16384K), 2 survivors (16384K)
 Metaspace       used 536256K, committed 540864K, reserved 1507328K
  class space    used 94265K, committed 96192K, reserved 1048576K
}
Event: 2401.771 GC heap before
{Heap before GC invocations=553 (full 0):
 garbage-first heap   total 10420224K, used 7782065K [0x0000000584000000, 0x0000000800000000)
  region size 8192K, 63 young (516096K), 2 survivors (16384K)
 Metaspace       used 536260K, committed 540928K, reserved 1507328K
  class space    used 94265K, committed 96192K, reserved 1048576K
}
Event: 2401.797 GC heap after
{Heap after GC invocations=554 (full 0):
 garbage-first heap   total 10420224K, used 7260429K [0x0000000584000000, 0x0000000800000000)
  region size 8192K, 2 young (16384K), 2 survivors (16384K)
 Metaspace       used 536260K, committed 540928K, reserved 1507328K
  class space    used 94265K, committed 96192K, reserved 1048576K
}
Event: 2411.480 GC heap before
{Heap before GC invocations=554 (full 0):
 garbage-first heap   total 10420224K, used 9333005K [0x0000000584000000, 0x0000000800000000)
  region size 8192K, 255 young (2088960K), 2 survivors (16384K)
 Metaspace       used 536305K, committed 540928K, reserved 1507328K
  class space    used 94274K, committed 96192K, reserved 1048576K
}
Event: 2411.485 GC heap after
{Heap after GC invocations=555 (full 0):
 garbage-first heap   total 10420224K, used 7262044K [0x0000000584000000, 0x0000000800000000)
  region size 8192K, 2 young (16384K), 2 survivors (16384K)
 Metaspace       used 536305K, committed 540928K, reserved 1507328K
  class space    used 94274K, committed 96192K, reserved 1048576K
}
Event: 2420.487 GC heap before
{Heap before GC invocations=555 (full 0):
 garbage-first heap   total 10420224K, used 9334620K [0x0000000584000000, 0x0000000800000000)
  region size 8192K, 255 young (2088960K), 2 survivors (16384K)
 Metaspace       used 536354K, committed 540992K, reserved 1507328K
  class space    used 94284K, committed 96192K, reserved 1048576K
}
Event: 2420.492 GC heap after
{Heap after GC invocations=556 (full 0):
 garbage-first heap   total 10420224K, used 7263607K [0x0000000584000000, 0x0000000800000000)
  region size 8192K, 2 young (16384K), 2 survivors (16384K)
 Metaspace       used 536354K, committed 540992K, reserved 1507328K
  class space    used 94284K, committed 96192K, reserved 1048576K
}
Event: 2428.630 GC heap before
{Heap before GC invocations=556 (full 0):
 garbage-first heap   total 10420224K, used 9336183K [0x0000000584000000, 0x0000000800000000)
  region size 8192K, 255 young (2088960K), 2 survivors (16384K)
 Metaspace       used 536371K, committed 540992K, reserved 1507328K
  class space    used 94285K, committed 96192K, reserved 1048576K
}
Event: 2428.636 GC heap after
{Heap after GC invocations=557 (full 0):
 garbage-first heap   total 10420224K, used 7264026K [0x0000000584000000, 0x0000000800000000)
  region size 8192K, 2 young (16384K), 2 survivors (16384K)
 Metaspace       used 536371K, committed 540992K, reserved 1507328K
  class space    used 94285K, committed 96192K, reserved 1048576K
}
Event: 2437.865 GC heap before
{Heap before GC invocations=558 (full 0):
 garbage-first heap   total 10420224K, used 9336602K [0x0000000584000000, 0x0000000800000000)
  region size 8192K, 255 young (2088960K), 2 survivors (16384K)
 Metaspace       used 536375K, committed 540992K, reserved 1507328K
  class space    used 94285K, committed 96192K, reserved 1048576K
}
Event: 2437.873 GC heap after
{Heap after GC invocations=559 (full 0):
 garbage-first heap   total 10420224K, used 7263997K [0x0000000584000000, 0x0000000800000000)
  region size 8192K, 2 young (16384K), 2 survivors (16384K)
 Metaspace       used 536375K, committed 540992K, reserved 1507328K
  class space    used 94285K, committed 96192K, reserved 1048576K
}
Event: 2440.271 GC heap before
{Heap before GC invocations=559 (full 0):
 garbage-first heap   total 10420224K, used 7763709K [0x0000000584000000, 0x0000000800000000)
  region size 8192K, 63 young (516096K), 2 survivors (16384K)
 Metaspace       used 536386K, committed 540992K, reserved 1507328K
  class space    used 94285K, committed 96192K, reserved 1048576K
}
Event: 2440.300 GC heap after
{Heap after GC invocations=560 (full 0):
 garbage-first heap   total 10420224K, used 7246534K [0x0000000584000000, 0x0000000800000000)
  region size 8192K, 2 young (16384K), 2 survivors (16384K)
 Metaspace       used 536386K, committed 540992K, reserved 1507328K
  class space    used 94285K, committed 96192K, reserved 1048576K
}
Event: 2449.022 GC heap before
{Heap before GC invocations=560 (full 0):
 garbage-first heap   total 10420224K, used 9343686K [0x0000000584000000, 0x0000000800000000)
  region size 8192K, 258 young (2113536K), 2 survivors (16384K)
 Metaspace       used 536395K, committed 540992K, reserved 1507328K
  class space    used 94285K, committed 96192K, reserved 1048576K
}
Event: 2449.027 GC heap after
{Heap after GC invocations=561 (full 0):
 garbage-first heap   total 10420224K, used 7246734K [0x0000000584000000, 0x0000000800000000)
  region size 8192K, 2 young (16384K), 2 survivors (16384K)
 Metaspace       used 536395K, committed 540992K, reserved 1507328K
  class space    used 94285K, committed 96192K, reserved 1048576K
}
Event: 2459.019 GC heap before
{Heap before GC invocations=561 (full 0):
 garbage-first heap   total 10420224K, used 9343886K [0x0000000584000000, 0x0000000800000000)
  region size 8192K, 258 young (2113536K), 2 survivors (16384K)
 Metaspace       used 536514K, committed 541120K, reserved 1507328K
  class space    used 94299K, committed 96192K, reserved 1048576K
}
Event: 2459.024 GC heap after
{Heap after GC invocations=562 (full 0):
 garbage-first heap   total 10420224K, used 7247544K [0x0000000584000000, 0x0000000800000000)
  region size 8192K, 2 young (16384K), 2 survivors (16384K)
 Metaspace       used 536514K, committed 541120K, reserved 1507328K
  class space    used 94299K, committed 96192K, reserved 1048576K
}

Dll operation events (18 events):
Event: 0.006 Loaded shared library C:\Users\SZHerio\curseforge\minecraft\Install\java\java-runtime-gamma\bin\java.dll
Event: 0.020 Loaded shared library C:\Users\SZHerio\curseforge\minecraft\Install\java\java-runtime-gamma\bin\jsvml.dll
Event: 0.138 Loaded shared library C:\Users\SZHerio\curseforge\minecraft\Install\java\java-runtime-gamma\bin\net.dll
Event: 0.140 Loaded shared library C:\Users\SZHerio\curseforge\minecraft\Install\java\java-runtime-gamma\bin\nio.dll
Event: 0.144 Loaded shared library C:\Users\SZHerio\curseforge\minecraft\Install\java\java-runtime-gamma\bin\zip.dll
Event: 0.207 Loaded shared library C:\Users\SZHerio\curseforge\minecraft\Install\java\java-runtime-gamma\bin\jimage.dll
Event: 0.454 Loaded shared library C:\Users\SZHerio\curseforge\minecraft\Install\java\java-runtime-gamma\bin\verify.dll
Event: 2.194 Loaded shared library C:\Users\SZHerio\curseforge\minecraft\Install\java\java-runtime-gamma\bin\management.dll
Event: 2.198 Loaded shared library C:\Users\SZHerio\curseforge\minecraft\Install\java\java-runtime-gamma\bin\management_ext.dll
Event: 5.598 Loaded shared library C:\Users\SZHerio\curseforge\minecraft\Install\natives\forge-47.4.22\lwjgl.dll
Event: 6.163 Loaded shared library C:\Users\SZHerio\curseforge\minecraft\Install\natives\forge-47.4.22\lwjgl_opengl.dll
Event: 6.279 Loaded shared library C:\Users\SZHerio\curseforge\minecraft\Install\natives\forge-47.4.22\lwjgl_stb.dll
Event: 17.022 Loaded shared library C:\Users\SZHerio\curseforge\minecraft\Install\natives\forge-47.4.22\jna15120322099387994025.dll
Event: 29.285 Loaded shared library C:\Users\SZHerio\curseforge\minecraft\Install\java\java-runtime-gamma\bin\sunmscapi.dll
Event: 32.553 Loaded shared library C:\Users\SZHerio\curseforge\minecraft\Install\java\java-runtime-gamma\bin\awt.dll
Event: 32.833 Loaded shared library C:\Users\SZHerio\curseforge\minecraft\Instances\main1.20\.pg-native\libpowergridNative7.dll
Event: 37.979 Loaded shared library C:\Users\SZHerio\curseforge\minecraft\Install\java\java-runtime-gamma\bin\freetype.dll
Event: 37.983 Loaded shared library C:\Users\SZHerio\curseforge\minecraft\Install\java\java-runtime-gamma\bin\fontmanager.dll

Deoptimization events (20 events):
Event: 2464.640 Thread 0x00000228d7b5dc30 Uncommon trap: trap_request=0xffffff45 fr.pc=0x00000228eac2be1c relative=0x000000000000007c
Event: 2464.640 Thread 0x00000228d7b5dc30 Uncommon trap: reason=unstable_if action=reinterpret pc=0x00000228eac2be1c method=icyllis.modernui.graphics.text.GraphemeBreak.getTextRunCursorImpl([F[CIIII)I @ 2 c2
Event: 2464.640 Thread 0x00000228d7b5dc30 DEOPT PACKING pc=0x00000228eac2be1c sp=0x00000081b35fbf00
Event: 2464.640 Thread 0x00000228d7b5dc30 DEOPT UNPACKING pc=0x00000228e57869a3 sp=0x00000081b35fbeb0 mode 2
Event: 2464.642 Thread 0x00000228d7b5dc30 Uncommon trap: trap_request=0xffffffc6 fr.pc=0x00000228e5f589ec relative=0x000000000000004c
Event: 2464.642 Thread 0x00000228d7b5dc30 Uncommon trap: reason=bimorphic_or_optimized_type_check action=maybe_recompile pc=0x00000228e5f589ec method=java.util.stream.Nodes.flatten(Ljava/util/stream/Node;Ljava/util/function/IntFunction;)Ljava/util/stream/Node; @ 1 c2
Event: 2464.642 Thread 0x00000228d7b5dc30 DEOPT PACKING pc=0x00000228e5f589ec sp=0x00000081b35fb930
Event: 2464.642 Thread 0x00000228d7b5dc30 DEOPT UNPACKING pc=0x00000228e57869a3 sp=0x00000081b35fb8b8 mode 2
Event: 2464.645 Thread 0x00000228d7b5dc30 Uncommon trap: trap_request=0xffffffde fr.pc=0x00000228ed0e07f0 relative=0x0000000000000070
Event: 2464.645 Thread 0x00000228d7b5dc30 Uncommon trap: reason=class_check action=maybe_recompile pc=0x00000228ed0e07f0 method=java.util.Spliterator.hasCharacteristics(I)Z @ 1 c2
Event: 2464.645 Thread 0x00000228d7b5dc30 DEOPT PACKING pc=0x00000228ed0e07f0 sp=0x00000081b35fbc10
Event: 2464.645 Thread 0x00000228d7b5dc30 DEOPT UNPACKING pc=0x00000228e57869a3 sp=0x00000081b35fbba0 mode 2
Event: 2464.645 Thread 0x00000228d7b5dc30 Uncommon trap: trap_request=0xffffffde fr.pc=0x00000228ed0e07f0 relative=0x0000000000000070
Event: 2464.645 Thread 0x00000228d7b5dc30 Uncommon trap: reason=class_check action=maybe_recompile pc=0x00000228ed0e07f0 method=java.util.Spliterator.hasCharacteristics(I)Z @ 1 c2
Event: 2464.645 Thread 0x00000228d7b5dc30 DEOPT PACKING pc=0x00000228ed0e07f0 sp=0x00000081b35fba50
Event: 2464.645 Thread 0x00000228d7b5dc30 DEOPT UNPACKING pc=0x00000228e57869a3 sp=0x00000081b35fb9f0 mode 2
Event: 2464.735 Thread 0x00000228d7b5dc30 Uncommon trap: trap_request=0xffffff45 fr.pc=0x00000228ebba6190 relative=0x0000000000000530
Event: 2464.735 Thread 0x00000228d7b5dc30 Uncommon trap: reason=unstable_if action=reinterpret pc=0x00000228ebba6190 method=de.keksuccino.fancymenu.customization.ScreenCustomizationEvents.onTick(Lde/keksuccino/fancymenu/events/ticking/ClientTickEvent$Pre;)V @ 80 c2
Event: 2464.735 Thread 0x00000228d7b5dc30 DEOPT PACKING pc=0x00000228ebba6190 sp=0x00000081b35fde60
Event: 2464.735 Thread 0x00000228d7b5dc30 DEOPT UNPACKING pc=0x00000228e57869a3 sp=0x00000081b35fdd80 mode 2

Classes unloaded (20 events):
Event: 934.136 Thread 0x00000228fbf4c9f0 Unloading class 0x000002289049cc00 'java/lang/invoke/LambdaForm$DMH+0x000002289049cc00'
Event: 934.136 Thread 0x00000228fbf4c9f0 Unloading class 0x000002289049c800 'java/lang/invoke/LambdaForm$DMH+0x000002289049c800'
Event: 934.136 Thread 0x00000228fbf4c9f0 Unloading class 0x000002289049c000 'java/lang/invoke/LambdaForm$DMH+0x000002289049c000'
Event: 934.136 Thread 0x00000228fbf4c9f0 Unloading class 0x0000022890497400 'java/lang/invoke/LambdaForm$DMH+0x0000022890497400'
Event: 934.136 Thread 0x00000228fbf4c9f0 Unloading class 0x0000022890497000 'java/lang/invoke/LambdaForm$DMH+0x0000022890497000'
Event: 934.136 Thread 0x00000228fbf4c9f0 Unloading class 0x0000022890496c00 'java/lang/invoke/LambdaForm$DMH+0x0000022890496c00'
Event: 934.136 Thread 0x00000228fbf4c9f0 Unloading class 0x0000022890496800 'java/lang/invoke/LambdaForm$DMH+0x0000022890496800'
Event: 934.136 Thread 0x00000228fbf4c9f0 Unloading class 0x0000022890496400 'java/lang/invoke/LambdaForm$DMH+0x0000022890496400'
Event: 934.136 Thread 0x00000228fbf4c9f0 Unloading class 0x0000022890496000 'java/lang/invoke/LambdaForm$DMH+0x0000022890496000'
Event: 934.136 Thread 0x00000228fbf4c9f0 Unloading class 0x0000022890495c00 'java/lang/invoke/LambdaForm$DMH+0x0000022890495c00'
Event: 934.136 Thread 0x00000228fbf4c9f0 Unloading class 0x0000022890495000 'java/lang/invoke/LambdaForm$DMH+0x0000022890495000'
Event: 934.136 Thread 0x00000228fbf4c9f0 Unloading class 0x0000022890495800 'java/lang/invoke/LambdaForm$DMH+0x0000022890495800'
Event: 934.136 Thread 0x00000228fbf4c9f0 Unloading class 0x0000022890495400 'java/lang/invoke/LambdaForm$DMH+0x0000022890495400'
Event: 934.136 Thread 0x00000228fbf4c9f0 Unloading class 0x0000022890494c00 'java/lang/invoke/LambdaForm$DMH+0x0000022890494c00'
Event: 934.136 Thread 0x00000228fbf4c9f0 Unloading class 0x0000022890494800 'java/lang/invoke/LambdaForm$DMH+0x0000022890494800'
Event: 934.136 Thread 0x00000228fbf4c9f0 Unloading class 0x0000022890494400 'java/lang/invoke/LambdaForm$DMH+0x0000022890494400'
Event: 1017.752 Thread 0x00000228fbf4c9f0 Unloading class 0x00000228907dcc00 'java/lang/invoke/LambdaForm$DMH+0x00000228907dcc00'
Event: 1017.752 Thread 0x00000228fbf4c9f0 Unloading class 0x00000228907dc400 'java/lang/invoke/LambdaForm$DMH+0x00000228907dc400'
Event: 1662.567 Thread 0x00000228fbf4c9f0 Unloading class 0x0000022890d79800 'java/lang/invoke/LambdaForm$DMH+0x0000022890d79800'
Event: 1662.567 Thread 0x00000228fbf4c9f0 Unloading class 0x0000022890d79400 'java/lang/invoke/LambdaForm$DMH+0x0000022890d79400'

Classes redefined (0 events):
No events

Internal exceptions (20 events):
Event: 2454.121 Thread 0x00000229e52265c0 Exception <a 'sun/nio/fs/WindowsException'{0x00000007c0c0d3c8}> (0x00000007c0c0d3c8) 
thrown [s\src\hotspot\share\prims\jni.cpp, line 516]
Event: 2454.613 Thread 0x00000229e52265c0 Exception <a 'sun/nio/fs/WindowsException'{0x00000007bac0e178}> (0x00000007bac0e178) 
thrown [s\src\hotspot\share\prims\jni.cpp, line 516]
Event: 2455.416 Thread 0x00000229e52265c0 Exception <a 'sun/nio/fs/WindowsException'{0x00000007b0c0bb08}> (0x00000007b0c0bb08) 
thrown [s\src\hotspot\share\prims\jni.cpp, line 516]
Event: 2456.208 Thread 0x00000228d7b5dc30 Exception <a 'sun/nio/fs/WindowsException'{0x00000007a76d4888}> (0x00000007a76d4888) 
thrown [s\src\hotspot\share\prims\jni.cpp, line 516]
Event: 2456.216 Thread 0x00000229e52265c0 Exception <a 'sun/nio/fs/WindowsException'{0x00000007a640d288}> (0x00000007a640d288) 
thrown [s\src\hotspot\share\prims\jni.cpp, line 516]
Event: 2457.666 Thread 0x00000229e52265c0 Exception <a 'sun/nio/fs/WindowsException'{0x0000000792c0fd88}> (0x0000000792c0fd88) 
thrown [s\src\hotspot\share\prims\jni.cpp, line 516]
Event: 2460.115 Thread 0x00000229e52265c0 Exception <a 'sun/nio/fs/WindowsException'{0x00000007eb00aa40}> (0x00000007eb00aa40) 
thrown [s\src\hotspot\share\prims\jni.cpp, line 516]
Event: 2461.016 Thread 0x00000229e52265c0 Exception <a 'sun/nio/fs/WindowsException'{0x00000007dfc0ee20}> (0x00000007dfc0ee20) 
thrown [s\src\hotspot\share\prims\jni.cpp, line 516]
Event: 2462.772 Thread 0x00000229e52265c0 Exception <a 'sun/nio/fs/WindowsException'{0x00000007ca8001e0}> (0x00000007ca8001e0) 
thrown [s\src\hotspot\share\prims\jni.cpp, line 516]
Event: 2462.815 Thread 0x00000229e52265c0 Exception <a 'sun/nio/fs/WindowsException'{0x00000007c951da60}> (0x00000007c951da60) 
thrown [s\src\hotspot\share\prims\jni.cpp, line 516]
Event: 2463.115 Thread 0x00000229e52265c0 Exception <a 'sun/nio/fs/WindowsException'{0x00000007c0cd6f00}> (0x00000007c0cd6f00) 
thrown [s\src\hotspot\share\prims\jni.cpp, line 516]
Event: 2463.118 Thread 0x000002295ad777c0 Exception <a 'sun/nio/fs/WindowsException'{0x00000007c0007f88}> (0x00000007c0007f88) 
thrown [s\src\hotspot\share\prims\jni.cpp, line 516]
Event: 2463.122 Thread 0x00000229e52265c0 Exception <a 'sun/nio/fs/WindowsException'{0x00000007c041d2d0}> (0x00000007c041d2d0) 
thrown [s\src\hotspot\share\prims\jni.cpp, line 516]
Event: 2463.124 Thread 0x000002295ad777c0 Exception <a 'sun/nio/fs/WindowsException'{0x00000007bf8039f0}> (0x00000007bf8039f0) 
thrown [s\src\hotspot\share\prims\jni.cpp, line 516]
Event: 2463.128 Thread 0x00000229e52265c0 Exception <a 'sun/nio/fs/WindowsException'{0x00000007bfc69e50}> (0x00000007bfc69e50) 
thrown [s\src\hotspot\share\prims\jni.cpp, line 516]
Event: 2463.572 Thread 0x00000229e52265c0 Exception <a 'sun/nio/fs/WindowsException'{0x00000007b800ebe0}> (0x00000007b800ebe0) 
thrown [s\src\hotspot\share\prims\jni.cpp, line 516]
Event: 2463.575 Thread 0x000002295ad777c0 Exception <a 'sun/nio/fs/WindowsException'{0x00000007b841c6c0}> (0x00000007b841c6c0) 
thrown [s\src\hotspot\share\prims\jni.cpp, line 516]
Event: 2463.577 Thread 0x00000229e52265c0 Exception <a 'sun/nio/fs/WindowsException'{0x00000007b78010e8}> (0x00000007b78010e8) 
thrown [s\src\hotspot\share\prims\jni.cpp, line 516]
Event: 2464.170 Thread 0x00000229e52265c0 Exception <a 'sun/nio/fs/WindowsException'{0x00000007b0407a98}> (0x00000007b0407a98) 
thrown [s\src\hotspot\share\prims\jni.cpp, line 516]
Event: 2464.615 Thread 0x00000229e52265c0 Exception <a 'sun/nio/fs/WindowsException'{0x00000007a98093b8}> (0x00000007a98093b8) 
thrown [s\src\hotspot\share\prims\jni.cpp, line 516]

VM Operations (20 events):
Event: 2449.022 Executing VM operation: G1CollectForAllocation
Event: 2449.027 Executing VM operation: G1CollectForAllocation done
Event: 2451.027 Executing VM operation: Cleanup
Event: 2451.027 Executing VM operation: Cleanup done
Event: 2452.028 Executing VM operation: Cleanup
Event: 2452.028 Executing VM operation: Cleanup done
Event: 2455.029 Executing VM operation: Cleanup
Event: 2455.029 Executing VM operation: Cleanup done
Event: 2457.031 Executing VM operation: Cleanup
Event: 2457.031 Executing VM operation: Cleanup done
Event: 2459.019 Executing VM operation: G1CollectForAllocation
Event: 2459.024 Executing VM operation: G1CollectForAllocation done
Event: 2461.025 Executing VM operation: Cleanup
Event: 2461.025 Executing VM operation: Cleanup done
Event: 2462.025 Executing VM operation: Cleanup
Event: 2462.025 Executing VM operation: Cleanup done
Event: 2463.025 Executing VM operation: Cleanup
Event: 2463.025 Executing VM operation: Cleanup done
Event: 2464.026 Executing VM operation: Cleanup
Event: 2464.026 Executing VM operation: Cleanup done

Events (20 events):
Event: 2425.660 Thread 0x00000228fbf93380 flushing nmethod 0x00000228e3e51010
Event: 2425.661 Thread 0x00000228fbf93380 flushing nmethod 0x00000228e43f3210
Event: 2425.661 Thread 0x00000228fbf93380 flushing nmethod 0x00000228e4409690
Event: 2456.121 Thread 0x0000022984550f90 Thread added: 0x0000022984550f90
Event: 2456.121 Thread 0x0000022984550f90 Thread exited: 0x0000022984550f90
Event: 2464.640 Thread 0x00000229e34ebd00 Thread added: 0x00000229e34ebd00
Event: 2464.641 Thread 0x00000228d53b6650 Thread added: 0x00000228d53b6650
Event: 2464.641 Thread 0x00000228d53b1f70 Thread added: 0x00000228d53b1f70
Event: 2464.641 Thread 0x0000022984551ec0 Thread added: 0x0000022984551ec0
Event: 2464.641 Thread 0x000002295ad77cd0 Thread added: 0x000002295ad77cd0
Event: 2464.641 Thread 0x0000022984550f90 Thread added: 0x0000022984550f90
Event: 2464.641 Thread 0x00000229e34ee070 Thread added: 0x00000229e34ee070
Event: 2464.642 Thread 0x00000229e5224c70 Thread added: 0x00000229e5224c70
Event: 2464.642 Thread 0x00000228d08159b0 Thread added: 0x00000228d08159b0
Event: 2464.642 Thread 0x00000228d53b42e0 Thread added: 0x00000228d53b42e0
Event: 2464.642 Thread 0x000002295ad781e0 Thread added: 0x000002295ad781e0
Event: 2464.642 Thread 0x000002295aec7810 Thread added: 0x000002295aec7810
Event: 2464.642 Thread 0x00000229e5226ad0 Thread added: 0x00000229e5226ad0
Event: 2464.642 Thread 0x00000229e34ed650 Thread added: 0x00000229e34ed650
Event: 2464.642 Thread 0x00000229e4382590 Thread added: 0x00000229e4382590


Dynamic libraries:
0x00007ff7b98f0000 - 0x00007ff7b98fe000 	C:\Users\SZHerio\curseforge\minecraft\Install\java\java-runtime-gamma\bin\javaw.exe
0x00007ffb13b30000 - 0x00007ffb13d29000 	C:\Windows\SYSTEM32\ntdll.dll
0x00007ffb12980000 - 0x00007ffb12a42000 	C:\Windows\System32\KERNEL32.DLL
0x00007ffb115b0000 - 0x00007ffb118a7000 	C:\Windows\System32\KERNELBASE.dll
0x00007ffb11900000 - 0x00007ffb11a00000 	C:\Windows\System32\ucrtbase.dll
0x00007ffb05120000 - 0x00007ffb05137000 	C:\Users\SZHerio\curseforge\minecraft\Install\java\java-runtime-gamma\bin\jli.dll
0x00007ffaf7a90000 - 0x00007ffaf7aa9000 	C:\Users\SZHerio\curseforge\minecraft\Install\java\java-runtime-gamma\bin\VCRUNTIME140.dll
0x00007ffb136e0000 - 0x00007ffb1387d000 	C:\Windows\System32\USER32.dll
0x00007ffb111b0000 - 0x00007ffb111d2000 	C:\Windows\System32\win32u.dll
0x00007ffaf3f00000 - 0x00007ffaf419b000 	C:\Windows\WinSxS\amd64_microsoft.windows.common-controls_6595b64144ccf1df_6.0.19041.7548_none_60b77ab371f759b9\COMCTL32.dll
0x00007ffb120c0000 - 0x00007ffb120eb000 	C:\Windows\System32\GDI32.dll
0x00007ffb12ec0000 - 0x00007ffb12f5e000 	C:\Windows\System32\msvcrt.dll
0x00007ffb11210000 - 0x00007ffb1132a000 	C:\Windows\System32\gdi32full.dll
0x00007ffb11490000 - 0x00007ffb1152d000 	C:\Windows\System32\msvcp_win.dll
0x00007ffb12d30000 - 0x00007ffb12d5f000 	C:\Windows\System32\IMM32.DLL
0x00007ffb0d280000 - 0x00007ffb0d28c000 	C:\Users\SZHerio\curseforge\minecraft\Install\java\java-runtime-gamma\bin\vcruntime140_1.dll
0x00007ffade740000 - 0x00007ffade7d1000 	C:\Users\SZHerio\curseforge\minecraft\Install\java\java-runtime-gamma\bin\msvcp140.dll
0x00007ffa3c180000 - 0x00007ffa3cdcc000 	C:\Users\SZHerio\curseforge\minecraft\Install\java\java-runtime-gamma\bin\server\jvm.dll
0x00007ffb139a0000 - 0x00007ffb13a51000 	C:\Windows\System32\ADVAPI32.dll
0x00007ffb12310000 - 0x00007ffb123af000 	C:\Windows\System32\sechost.dll
0x00007ffb120f0000 - 0x00007ffb12216000 	C:\Windows\System32\RPCRT4.dll
0x00007ffb111e0000 - 0x00007ffb11207000 	C:\Windows\System32\bcrypt.dll
0x00007ffb10700000 - 0x00007ffb1074b000 	C:\Windows\SYSTEM32\POWRPROF.dll
0x00007ffb0c5f0000 - 0x00007ffb0c5f9000 	C:\Windows\SYSTEM32\WSOCK32.dll
0x00007ffb05f20000 - 0x00007ffb05f47000 	C:\Windows\SYSTEM32\WINMM.dll
0x00007ffb0a380000 - 0x00007ffb0a38a000 	C:\Windows\SYSTEM32\VERSION.dll
0x00007ffb12dc0000 - 0x00007ffb12e2b000 	C:\Windows\System32\WS2_32.dll
0x00007ffb10570000 - 0x00007ffb10582000 	C:\Windows\SYSTEM32\UMPDC.dll
0x00007ffb0f030000 - 0x00007ffb0f042000 	C:\Windows\SYSTEM32\kernel.appcore.dll
0x00007ffb05400000 - 0x00007ffb0540a000 	C:\Users\SZHerio\curseforge\minecraft\Install\java\java-runtime-gamma\bin\jimage.dll
0x00007ffb055c0000 - 0x00007ffb057c1000 	C:\Windows\SYSTEM32\DBGHELP.DLL
0x00007ffaec350000 - 0x00007ffaec384000 	C:\Windows\SYSTEM32\dbgcore.DLL
0x00007ffb11a00000 - 0x00007ffb11a82000 	C:\Windows\System32\bcryptPrimitives.dll
0x00007ffade710000 - 0x00007ffade735000 	C:\Users\SZHerio\curseforge\minecraft\Install\java\java-runtime-gamma\bin\java.dll
0x00007ffac8e70000 - 0x00007ffac8f46000 	C:\Users\SZHerio\curseforge\minecraft\Install\java\java-runtime-gamma\bin\jsvml.dll
0x00007ffb12f60000 - 0x00007ffb136d0000 	C:\Windows\System32\SHELL32.dll
0x00007ffb0f240000 - 0x00007ffb0f9e6000 	C:\Windows\SYSTEM32\windows.storage.dll
0x00007ffb12410000 - 0x00007ffb12763000 	C:\Windows\System32\combase.dll
0x00007ffb10bd0000 - 0x00007ffb10bfb000 	C:\Windows\SYSTEM32\Wldp.dll
0x00007ffb12770000 - 0x00007ffb12846000 	C:\Windows\System32\OLEAUT32.dll
0x00007ffb12870000 - 0x00007ffb1291d000 	C:\Windows\System32\SHCORE.dll
0x00007ffb12060000 - 0x00007ffb120bb000 	C:\Windows\System32\shlwapi.dll
0x00007ffb110d0000 - 0x00007ffb110f4000 	C:\Windows\SYSTEM32\profapi.dll
0x00007ffaf48e0000 - 0x00007ffaf48f9000 	C:\Users\SZHerio\curseforge\minecraft\Install\java\java-runtime-gamma\bin\net.dll
0x00007ffb0af70000 - 0x00007ffb0b07b000 	C:\Windows\SYSTEM32\WINHTTP.dll
0x00007ffb10900000 - 0x00007ffb1096a000 	C:\Windows\system32\mswsock.dll
0x00007ffaf4800000 - 0x00007ffaf4815000 	C:\Users\SZHerio\curseforge\minecraft\Install\java\java-runtime-gamma\bin\nio.dll
0x00007ffaeb9f0000 - 0x00007ffaeba08000 	C:\Users\SZHerio\curseforge\minecraft\Install\java\java-runtime-gamma\bin\zip.dll
0x00007ffaf6e80000 - 0x00007ffaf6e90000 	C:\Users\SZHerio\curseforge\minecraft\Install\java\java-runtime-gamma\bin\verify.dll
0x00007ffaf4f50000 - 0x00007ffaf4f59000 	C:\Users\SZHerio\curseforge\minecraft\Install\java\java-runtime-gamma\bin\management.dll
0x00007ffaf4a60000 - 0x00007ffaf4a6b000 	C:\Users\SZHerio\curseforge\minecraft\Install\java\java-runtime-gamma\bin\management_ext.dll
0x00007ffb136d0000 - 0x00007ffb136d8000 	C:\Windows\System32\PSAPI.DLL
0x00007ffabe100000 - 0x00007ffabe117000 	C:\Windows\system32\napinsp.dll
0x00007ffabe0e0000 - 0x00007ffabe0fb000 	C:\Windows\system32\pnrpnsp.dll
0x00007ffb0da70000 - 0x00007ffb0da8d000 	C:\Windows\system32\wshbth.dll
0x00007ffb0d5a0000 - 0x00007ffb0d5bd000 	C:\Windows\system32\NLAapi.dll
0x00007ffb10590000 - 0x00007ffb105cb000 	C:\Windows\SYSTEM32\IPHLPAPI.DLL
0x00007ffb105e0000 - 0x00007ffb106ab000 	C:\Windows\SYSTEM32\DNSAPI.dll
0x00007ffb12300000 - 0x00007ffb12308000 	C:\Windows\System32\NSI.dll
0x00007ffabe0c0000 - 0x00007ffabe0d2000 	C:\Windows\System32\winrnr.dll
0x00007ffb0aec0000 - 0x00007ffb0aeca000 	C:\Windows\System32\rasadhlp.dll
0x00007ffaf5760000 - 0x00007ffaf57e0000 	C:\Windows\System32\fwpuclnt.dll
0x00007ffaca550000 - 0x00007ffaca5c5000 	C:\Users\SZHerio\curseforge\minecraft\Install\natives\forge-47.4.22\lwjgl.dll
0x00007ffade860000 - 0x00007ffade8c1000 	C:\Users\SZHerio\curseforge\minecraft\Install\natives\forge-47.4.22\glfw.dll
0x00007ffae5c10000 - 0x00007ffae5c55000 	C:\Windows\SYSTEM32\dinput8.dll
0x00007ffae66d0000 - 0x00007ffae66e1000 	C:\Windows\SYSTEM32\xinput1_4.dll
0x00007ffb118b0000 - 0x00007ffb118fe000 	C:\Windows\System32\cfgmgr32.dll
0x00007ffb10f30000 - 0x00007ffb10f63000 	C:\Windows\SYSTEM32\DEVOBJ.dll
0x00007ffb0ec30000 - 0x00007ffb0ec5e000 	C:\Windows\SYSTEM32\dwmapi.dll
0x00007ffb06d40000 - 0x00007ffb06e92000 	C:\Windows\SYSTEM32\inputhost.dll
0x00007ffb0dc70000 - 0x00007ffb0ddc7000 	C:\Windows\SYSTEM32\wintypes.dll
0x00007ffb0cfb0000 - 0x00007ffb0d0a2000 	C:\Windows\SYSTEM32\CoreMessaging.dll
0x00007ffb0cc50000 - 0x00007ffb0cfab000 	C:\Windows\SYSTEM32\CoreUIComponents.dll
0x00007ffb0e430000 - 0x00007ffb0e524000 	C:\Windows\SYSTEM32\PROPSYS.dll
0x00007ffb10400000 - 0x00007ffb10433000 	C:\Windows\SYSTEM32\ntmarta.dll
0x00007ffb0ead0000 - 0x00007ffb0eb6e000 	C:\Windows\system32\uxtheme.dll
0x00007ffb13880000 - 0x00007ffb13996000 	C:\Windows\System32\MSCTF.dll
0x00007ffac2150000 - 0x00007ffac2278000 	C:\Windows\SYSTEM32\opengl32.dll
0x00007ffb08440000 - 0x00007ffb0846c000 	C:\Windows\SYSTEM32\GLU32.dll
0x00007ffb11fb0000 - 0x00007ffb12059000 	C:\Windows\System32\clbcatq.dll
0x00007ffa1b700000 - 0x00007ffa1e585000 	C:\Windows\System32\DriverStore\FileRepository\nv_dispsi.inf_amd64_7cc7738d8e428783\nvoglv64.dll
0x00007ffb11b40000 - 0x00007ffb11fb0000 	C:\Windows\System32\SETUPAPI.dll
0x00007ffb12c00000 - 0x00007ffb12d2b000 	C:\Windows\System32\ole32.dll
0x00007ffb0b330000 - 0x00007ffb0b344000 	C:\Windows\SYSTEM32\WTSAPI32.dll
0x00007ffb10d60000 - 0x00007ffb10d72000 	C:\Windows\SYSTEM32\msasn1.dll
0x00007ffb0a110000 - 0x00007ffb0a141000 	C:\Windows\SYSTEM32\cryptnet.dll
0x00007ffb11330000 - 0x00007ffb1148d000 	C:\Windows\System32\CRYPT32.dll
0x00007ffb10b40000 - 0x00007ffb10b4c000 	C:\Windows\SYSTEM32\cryptbase.dll
0x00007ffb09f50000 - 0x00007ffb0a098000 	C:\Windows\SYSTEM32\drvstore.dll
0x00007ffb11530000 - 0x00007ffb115a4000 	C:\Windows\System32\WINTRUST.dll
0x00007ffb12850000 - 0x00007ffb1286d000 	C:\Windows\System32\imagehlp.dll
0x00007ffb10b20000 - 0x00007ffb10b38000 	C:\Windows\SYSTEM32\CRYPTSP.dll
0x00007ffb101b0000 - 0x00007ffb101e8000 	C:\Windows\system32\rsaenh.dll
0x00007ffafe370000 - 0x00007ffb0417d000 	C:\Windows\System32\DriverStore\FileRepository\nv_dispsi.inf_amd64_7cc7738d8e428783\nvgpucomp64.dll
0x00007ffb0d6f0000 - 0x00007ffb0d72b000 	C:\Windows\SYSTEM32\dxcore.dll
0x00007ffa7f010000 - 0x00007ffa7f157000 	C:\Windows\system32\nvspcap64.dll
0x00007ffb0fe30000 - 0x00007ffb0fe8b000 	C:\Windows\SYSTEM32\WINSTA.dll
0x00007ffab7af0000 - 0x00007ffab7d49000 	C:\Users\SZHerio\curseforge\minecraft\Install\natives\forge-47.4.22\jemalloc.dll
0x00007ffb06ea0000 - 0x00007ffb06f99000 	C:\Windows\SYSTEM32\textinputframework.dll
0x00007fface3a0000 - 0x00007fface3fd000 	C:\Users\SZHerio\curseforge\minecraft\Install\natives\forge-47.4.22\lwjgl_opengl.dll
0x00007ffaca160000 - 0x00007ffaca1e1000 	C:\Users\SZHerio\curseforge\minecraft\Install\natives\forge-47.4.22\lwjgl_stb.dll
0x00007ffb11050000 - 0x00007ffb1107e000 	C:\Windows\SYSTEM32\USERENV.dll
0x00007ffb0aea0000 - 0x00007ffb0aeb7000 	C:\Windows\SYSTEM32\dhcpcsvc6.DLL
0x00007ffb0b270000 - 0x00007ffb0b28e000 	C:\Windows\SYSTEM32\dhcpcsvc.DLL
0x00007ffacd7c0000 - 0x00007ffacd800000 	C:\Users\SZHerio\curseforge\minecraft\Install\natives\forge-47.4.22\jna15120322099387994025.dll
0x00007ffaf3a00000 - 0x00007ffaf3a1f000 	C:\Windows\SYSTEM32\amsi.dll
0x00007ffaeba40000 - 0x00007ffaebae3000 	C:\ProgramData\Microsoft\Windows Defender\Platform\4.18.26070.9-0\MpOav.dll
0x00007ffaeb360000 - 0x00007ffaeb3b1000 	C:\Windows\SYSTEM32\Pdh.dll
0x00007ffafd190000 - 0x00007ffafd19f000 	C:\Windows\System32\perfos.dll
0x00007ffaf4950000 - 0x00007ffaf495e000 	C:\Users\SZHerio\curseforge\minecraft\Install\java\java-runtime-gamma\bin\sunmscapi.dll
0x00007ffb10c40000 - 0x00007ffb10c67000 	C:\Windows\SYSTEM32\ncrypt.dll
0x00007ffb10c00000 - 0x00007ffb10c3b000 	C:\Windows\SYSTEM32\NTASN1.dll
0x00007ffb098c0000 - 0x00007ffb0996e000 	C:\Windows\SYSTEM32\mscms.dll
0x00007ffb098a0000 - 0x00007ffb098b1000 	C:\Windows\SYSTEM32\ColorAdapterClient.dll
0x00007ffa7e9f0000 - 0x00007ffa7ea35000 	C:\Windows\SYSTEM32\icm32.dll
0x00007ffab7750000 - 0x00007ffab78de000 	C:\Users\SZHerio\curseforge\minecraft\Install\java\java-runtime-gamma\bin\awt.dll
0x00007ffb0d490000 - 0x00007ffb0d524000 	C:\Windows\SYSTEM32\apphelp.dll
0x00007ffab27c0000 - 0x00007ffab2b0d000 	C:\Users\SZHerio\curseforge\minecraft\Instances\main1.20\.pg-native\libpowergridNative7.dll
0x00007ffac9c30000 - 0x00007ffac9cb6000 	C:\Users\SZHerio\curseforge\minecraft\Install\java\java-runtime-gamma\bin\freetype.dll
0x00007ffabac30000 - 0x00007ffabad03000 	C:\Users\SZHerio\curseforge\minecraft\Install\java\java-runtime-gamma\bin\fontmanager.dll
0x00007ffac6690000 - 0x00007ffac6697000 	C:\Windows\system32\wshunix.dll
0x00007ffab2620000 - 0x00007ffab27b7000 	C:\Users\SZHerio\curseforge\minecraft\Install\natives\forge-47.4.22\OpenAL.dll
0x00007ffb0b480000 - 0x00007ffb0b505000 	C:\Windows\System32\MMDevApi.dll
0x00007ffa9dbe0000 - 0x00007ffa9dd6d000 	C:\Windows\System32\Speech\Common\sapi.dll
0x00007ffae4440000 - 0x00007ffae445e000 	C:\Windows\SYSTEM32\MSACM32.dll
0x00007ffaf3550000 - 0x00007ffaf355b000 	C:\Windows\SYSTEM32\msdmo.dll
0x00007ffaf4820000 - 0x00007ffaf4846000 	C:\Windows\SYSTEM32\winmmbase.dll
0x00007ffb0b530000 - 0x00007ffb0b6b1000 	C:\Windows\SYSTEM32\AUDIOSES.DLL

dbghelp: loaded successfully - version: 4.0.5 - missing functions: none
symbol engine: initialized successfully - sym options: 0x614 - pdb path: .;C:\Users\SZHerio\curseforge\minecraft\Install\java\java-runtime-gamma\bin;C:\Windows\SYSTEM32;C:\Windows\WinSxS\amd64_microsoft.windows.common-controls_6595b64144ccf1df_6.0.19041.7548_none_60b77ab371f759b9;C:\Users\SZHerio\curseforge\minecraft\Install\java\java-runtime-gamma\bin\server;C:\Users\SZHerio\curseforge\minecraft\Install\natives\forge-47.4.22;C:\Windows\System32\DriverStore\FileRepository\nv_dispsi.inf_amd64_7cc7738d8e428783;C:\ProgramData\Microsoft\Windows Defender\Platform\4.18.26070.9-0;C:\Users\SZHerio\curseforge\minecraft\Instances\main1.20\.pg-native;C:\Windows\System32\Speech\Common

VM Arguments:
jvm_args: -XX:HeapDumpPath=MojangTricksIntelDriversForPerformance_javaw.exe_minecraft.exe.heapdump -Xss1M -Djava.library.path=C:\Users\SZHerio\curseforge\minecraft\Install\natives\forge-47.4.22 -Djna.tmpdir=C:\Users\SZHerio\curseforge\minecraft\Install\natives\forge-47.4.22 -Dorg.lwjgl.system.SharedLibraryExtractPath=C:\Users\SZHerio\curseforge\minecraft\Install\natives\forge-47.4.22 -Dio.netty.native.workdir=C:\Users\SZHerio\curseforge\minecraft\Install\natives\forge-47.4.22 -Dminecraft.launcher.brand=CurseForge -Dminecraft.launcher.version=1.316.0.7372 -Djava.net.preferIPv6Addresses=system -DignoreList=bootstraplauncher,securejarhandler,asm-commons,asm-util,asm-analysis,asm-tree,asm,JarJarFileSystems,client-extra,fmlcore,javafmllanguage,lowcodelanguage,mclanguage,forge-,forge-47.4.22.jar,forge-47.4.22 -DmergeModules=jna-5.10.0.jar,jna-platform-5.10.0.jar -DlibraryDirectory=C:\Users\SZHerio\curseforge\minecraft\Install\libraries --module-path=C:\Users\SZHerio\curseforge\minecraft\Install\libraries/cpw/mods/bootstraplauncher/1.1.2/bootstraplauncher-1.1.2.jar;C:\Users\SZHerio\curseforge\minecraft\Install\libraries/cpw/mods/securejarhandler/2.1.10/securejarhandler-2.1.10.jar;C:\Users\SZHerio\curseforge\minecraft\Install\libraries/org/ow2/asm/asm-commons/9.9.1/asm-commons-9.9.1.jar;C:\Users\SZHerio\curseforge\minecraft\Install\libraries/org/ow2/asm/asm-util/9.9.1/asm-util-9.9.1.jar;C:\Users\SZHerio\curseforge\minecraft\Install\libraries/org/ow2/asm/asm-analysis/9.9.1/asm-analysis-9.9.1.jar;C:\Users\SZHerio\curseforge\minecraft\Install\libraries/org/ow2/asm/asm-tree/9.9.1/asm-tree-9.9.1.jar;C:\Users\SZHerio\curseforge\minecraft\Install\libraries/org/ow2/asm/asm/9.9.1/asm-9.9.1.jar;C:\Users\SZHerio\curseforge\minecraft\Install\libraries/net/minecraftforge/JarJarFileSystems/0.3.19/JarJarFileSystems-0.3.19.jar --add-modules=ALL-MODULE-PATH --add-opens=java.base/java.util.jar=cpw.mods.securejarhandler --add-opens=java.base/java.lang.invoke=cpw.mods.securejarhandler --add-exports=java.base/sun.security.util=cpw.mods.securejarhandler --add-exports=jdk.naming.dns/com.sun.jndi.dns=java.naming -Xmx10176m -Xms256m -Dfml.ignorePatchDiscrepancies=true -Dfml.ignoreInvalidMinecraftCertificates=true -DlibraryDirectory=C:\Users\SZHerio\curseforge\minecraft\Install\libraries -Duser.language=en -DCFInstanceId=5195ac97-5b29-4fb5-967b-7926fa230294 -Dlog4j.configurationFile=C:\Users\SZHerio\curseforge\minecraft\Install\assets\log_configs\client-1.12.xml 
java_command: cpw.mods.bootstraplauncher.BootstrapLauncher --username SZHerio --version forge-47.4.22 --gameDir C:\Users\SZHerio\curseforge\minecraft\Instances\main1.20 --assetsDir C:\Users\SZHerio\curseforge\minecraft\Install\assets --assetIndex 5 --uuid 51365502bae245daaf9b8045d35cb875 --accessToken eyJraWQiOiIwNDkxODEiLCJhbGciOiJSUzI1NiJ9.eyJ4dWlkIjoiMjUzNTQ2MDEyNDY2ODYyOSIsImFnZyI6IkFkdWx0Iiwic3ViIjoiMzg1ODA2ZGUtZjgxNS00MjQ5LWIwYzItMTA0MTA1MTAzMGU3IiwiYXV0aCI6IlhCT1giLCJucyI6ImRlZmF1bHQiLCJyb2xlcyI6W10sImlzcyI6ImF1dGhlbnRpY2F0aW9uIiwiZmxhZ3MiOlsibXVsdGlwbGF5ZXIiXSwicHJvZmlsZXMiOnsibWMiOiI1MTM2NTUwMi1iYWUyLTQ1ZGEtYWY5Yi04MDQ1ZDM1Y2I4NzUifSwicG1pZCI6ImNkMjA3YmM4LTQ4ODgtNWZiNy04NTRiLTMzNjM3MGYwZjIxNyIsInBsYXRmb3JtIjoiUENfTEFVTkNIRVIiLCJ0aWQiOiJFOTlCMCIsInBmZCI6W3sidHlwZSI6Im1jIiwiaWQiOiI1MTM2NTUwMi1iYWUyLTQ1ZGEtYWY5Yi04MDQ1ZDM1Y2I4NzUiLCJuYW1lIjoiU1pIZXJpbyJ9XSwieGlkIjoiMjUzNTQ2MDEyNDY2ODYyOSIsIm5iZiI6MTc4NTk1ODk4NywiZXhwIjoxNzg2MDQ1Mzg3LCJpYXQiOjE3ODU5NTg5ODcsImFpZCI6ImQ1YjJlMDc5LTJjMmMtNGFkZS05ZGFiLTFjMWViMjA0MTYyYSJ9.pPTdZgG0YjnG6o_WoQ8u7YWeqwr5zYTNPBLMWyn5FMVUPd6h0mYSDVrVLNthgte9B_meKlykURF2Tx3EkHPt41KQY95qYFkv2E4kzuNmpnun4wh-mS_tqCCI2o0RZrPh7c6l3YgLy4HZmfRwGqZEQXy4aH4dE_hYqVhfOPbub4DqHgE7gnXsQMvSHVW52vD4CvDyC1vUQL2crz1FqdnxIxokv11xOR542eyAGtNaxc5K_b0rwQhbMhlr6njB4RrZxdKTJlLE3Pyq2knXbOjxRNKT8t-vjEEsg4l7KqG_me3yIJqrCENp3xhiP7_l1XQvS_1hw274dW_znOiPbi-0bA --clientId 1135fe-28ba6f-794cca-139b52-5c3e84 --xuid 2535460124668629 --userType msa --versionType release --width 1024 --height 768 --quickPlayPath C:\Users\SZHerio\curseforge\minecraft\Quickplay\5195ac97-5b29-4fb5-967b-7926fa230294.json --launchTarget forgeclient --fml.forgeVersion 47.4.22 --fml.mcVersion 1.20.1 --fml.forgeGroup net.minecraftforge --fml.mcpVersion 20230612.114412
java_class_path (initial): C:\Users\SZHerio\curseforge\minecraft\Install\libraries\cpw\mods\securejarhandler\2.1.10\securejarhandler-2.1.10.jar;C:\Users\SZHerio\curseforge\minecraft\Install\libraries\org\ow2\asm\asm\9.9.1\asm-9.9.1.jar;C:\Users\SZHerio\curseforge\minecraft\Install\libraries\org\ow2\asm\asm-commons\9.9.1\asm-commons-9.9.1.jar;C:\Users\SZHerio\curseforge\minecraft\Install\libraries\org\ow2\asm\asm-tree\9.9.1\asm-tree-9.9.1.jar;C:\Users\SZHerio\curseforge\minecraft\Install\libraries\org\ow2\asm\asm-util\9.9.1\asm-util-9.9.1.jar;C:\Users\SZHerio\curseforge\minecraft\Install\libraries\org\ow2\asm\asm-analysis\9.9.1\asm-analysis-9.9.1.jar;C:\Users\SZHerio\curseforge\minecraft\Install\libraries\net\minecraftforge\accesstransformers\8.0.4\accesstransformers-8.0.4.jar;C:\Users\SZHerio\curseforge\minecraft\Install\libraries\org\antlr\antlr4-runtime\4.9.1\antlr4-runtime-4.9.1.jar;C:\Users\SZHerio\curseforge\minecraft\Install\libraries\net\minecraftforge\eventbus\6.2.33\eventbus-6.2.33.jar;C:\Users\SZHerio\curseforge\minecraft\Install\libraries\net\minecraftforge\forgespi\7.0.1\forgespi-7.0.1.jar;C:\Users\SZHerio\curseforge\minecraft\Install\libraries\net\minecraftforge\coremods\5.2.4\coremods-5.2.4.jar;C:\Users\SZHerio\curseforge\minecraft\Install\libraries\cpw\mods\modlauncher\10.0.9\modlauncher-10.0.9.jar;C:\Users\SZHerio\curseforge\minecraft\Install\libraries\net\minecraftforge\unsafe\0.2.0\unsafe-0.2.0.jar;C:\Users\SZHerio\curseforge\minecraft\Install\libraries\net\minecraftforge\mergetool\1.1.5\mergetool-1.1.5-api.jar;C:\Users\SZHerio\curseforge\minecraft\Install\libraries\com\electronwill\night-config\core\3.6.4\core-3.6.4.jar;C:\Users\SZHerio\curseforge\minecraft\Install\libraries\com\electronwill\night-config\toml\3.6.4\toml-3.6.4.jar;C:\Users\SZHerio\curseforge\minecraft\Install\libraries\org\apache\maven\maven-artifact\3.8.5\maven-artifact-3.8.5.jar;C:\Users\SZHerio\curseforge\minecraft\Install\libraries\net\jodah\typetools\0.6.3\typetools-0.6.3.ja
Launcher Type: SUN_STANDARD

[Global flags]
     intx CICompilerCount                          = 12                                        {product} {ergonomic}
     uint ConcGCThreads                            = 3                                         {product} {ergonomic}
     uint G1ConcRefinementThreads                  = 13                                        {product} {ergonomic}
   size_t G1HeapRegionSize                         = 8388608                                   {product} {ergonomic}
    uintx GCDrainStackTargetSize                   = 64                                        {product} {ergonomic}
    ccstr HeapDumpPath                             = MojangTricksIntelDriversForPerformance_javaw.exe_minecraft.exe.heapdump         {manageable} {command line}
   size_t InitialHeapSize                          = 268435456                                 {product} {command line}
   size_t MarkStackSize                            = 4194304                                   {product} {ergonomic}
   size_t MaxHeapSize                              = 10670309376                               {product} {command line}
   size_t MaxNewSize                               = 6400507904                                {product} {ergonomic}
   size_t MinHeapDeltaBytes                        = 8388608                                   {product} {ergonomic}
   size_t MinHeapSize                              = 268435456                                 {product} {command line}
    uintx NonNMethodCodeHeapSize                   = 7602480                                {pd product} {ergonomic}
    uintx NonProfiledCodeHeapSize                  = 122027880                              {pd product} {ergonomic}
    uintx ProfiledCodeHeapSize                     = 122027880                              {pd product} {ergonomic}
    uintx ReservedCodeCacheSize                    = 251658240                              {pd product} {ergonomic}
     bool SegmentedCodeCache                       = true                                      {product} {ergonomic}
   size_t SoftMaxHeapSize                          = 10670309376                            {manageable} {ergonomic}
     intx ThreadStackSize                          = 1024                                   {pd product} {command line}
     bool UseCompressedClassPointers               = true                           {product lp64_product} {ergonomic}
     bool UseCompressedOops                        = true                           {product lp64_product} {ergonomic}
     bool UseG1GC                                  = true                                      {product} {ergonomic}
     bool UseLargePagesIndividualAllocation        = false                                  {pd product} {ergonomic}

Logging:
Log output configuration:
 #0: stdout all=warning uptime,level,tags
 #1: stderr all=off uptime,level,tags

Environment Variables:
PATH=C:\Program Files\Eclipse Adoptium\jdk-21.0.11.10-hotspot\bin;C:\Program Files\Common Files\Oracle\Java\javapath;C:\Windows\system32;C:\Windows;C:\Windows\System32\Wbem;C:\Windows\System32\WindowsPowerShell\v1.0\;C:\Windows\System32\OpenSSH\;C:\Program Files\Microsoft SQL Server\170\Tools\Binn\;C:\Program Files\Microsoft SQL Server\Client SDK\ODBC\170\Tools\Binn\;C:\Program Files\dotnet\;C:\Program Files (x86)\Windows Kits\10\Windows Performance Toolkit\;C:\Program Files\CMake\bin;C:\Program Files\Git\cmd;C:\Program Files\NVIDIA Corporation\NVIDIA App\NvDLISR;C:\Program Files (x86)\NVIDIA Corporation\PhysX\Common;C:\Program Files\GitHub CLI\;C:\Program Files\nodejs\;C:\Users\SZHerio\AppData\Local\Conan\conan;C:\Users\SZHerio\.local\bin;C:\Users\SZHerio\AppData\Local\Microsoft\WindowsApps;C:\Users\SZHerio\AppData\Local\Programs\Microsoft VS Code\bin;C:\Users\SZHerio\.dotnet\tools;C:\Users\SZHerio\.lmstudio\bin;C:\Users\SZHerio\AppData\Local\Programs\Antigravity IDE\bin;C:\Users\SZHerio\AppData\Local\Programs\cursor\resources\app\bin;C:\Users\SZHerio\AppData\Roaming\npm
USERNAME=SZHerio
OS=Windows_NT
PROCESSOR_IDENTIFIER=AMD64 Family 23 Model 8 Stepping 2, AuthenticAMD
TMP=C:\Users\SZHerio\AppData\Local\Temp
TEMP=C:\Users\SZHerio\AppData\Local\Temp



---------------  S Y S T E M  ---------------

OS:
 Windows 10 , 64 bit Build 19041 (10.0.19041.7548)
OS uptime: 16 days 12:18 hours

CPU: total 16 (initial active 16) (16 cores per cpu, 2 threads per core) family 23 model 8 stepping 2 microcode 0x0, cx8, cmov, fxsr, ht, mmx, 3dnowpref, sse, sse2, sse3, ssse3, sse4a, sse4.1, sse4.2, popcnt, lzcnt, tsc, tscinvbit, avx, avx2, aes, clmul, bmi1, bmi2, adx, sha, fma, vzeroupper, clflush, clflushopt
Processor Information for all 16 processors :
  Max Mhz: 3700, Current Mhz: 3700, Mhz Limit: 3700

Memory: 4k page, system-wide physical 32691M (5766M free)
TotalPageFile size 46379M (AvailPageFile size 5569M)
current process WorkingSet (physical memory assigned to process): 11721M, peak: 13163M
current process commit charge ("private bytes"): 16689M, peak: 17080M

vm_info: OpenJDK 64-Bit Server VM (17.0.8+7) for windows-amd64 JRE (17.0.8+7), built on Jul 18 2023 21:02:32 by "admin" with MS VC++ 16.7 (VS2019)

END.
